3.593034816434837353e+00,1.139361976774062836e-13,5.058814916772144343e+00,2.265792986242377793e+00,2.753657689005812764e-14,2.764078153962835262e-14,9.311421008639937500e-15,2.761180220787184016e-14,4.682880931409610730e-15,-2.934522575547945837e-14,-5.870864817175920271e-14,1.469139114003749029e-14,4.105964576155443907e-14,2.483212785849226460e-14,-2.709971256909013637e-14,2.232264061144813965e-14,-8.074016992253401004e-14,5.732853509477921341e-14,1.351633611881223951e-14,2.605543128815122756e-14,3.173483066524143056e-14,-1.723823913061884008e-14,-4.835865385368468991e-14,9.749356779743788499e-14,-3.227555662877833453e-14,9.835434470961655110e-15,1.163620243287803752e-15,-1.150508651623395358e-13,-2.174563820915001816e-14,4.551289404645825863e-15,-5.476647984969578138e-14,9.737752966814367357e-14,-2.638661715818318246e-14,-2.632127102771124478e-14,5.384627357622323471e-14,6.827340537230298440e-15,-6.590701886401978040e-16,4.311110382741594772e-14,-6.010780602597739109e-14,1.845659087231997154e-14,-1.232196381761102750e-14,4.362785500371440582e-14,2.268974253064472942e-14,3.483258858271096717e-14,-6.442353545591251017e-14,-3.916117142018158969e-16,-9.054361026647837032e-15,2.510392217264264054e-14,1.217197484120882637e-14,5.859628084443379421e-15,2.355985678783476771e-14,2.265792986247109120e+00,5.058814916765996372e+00,1.367964209581094812e-13
1.137650073563328235e+01,3.288948343031891602e-13,9.628923173202700355e-14,-3.290474888446910596e-14,-1.867638435795624124e-14,5.941347014583958330e-14,1.885367632285311168e-14,-6.449465447481392081e-14,-3.457491541656469357e-14,6.507067129632061045e-14,-8.610554508994266321e-14,5.723060996413962344e-14,1.815279592041027966e-15,-8.008929061799108771e-14,-1.497256478992801053e-14,-5.431118294775456204e-14,1.156987736046770286e-14,-6.322089632277172643e-14,-6.819377241266441095e-14,1.644341085757086549e-14,-6.163517075228010137e-14,-7.280563215624972855e-14,1.012917916297625190e-14,3.788229924160685564e-15,-6.728661675515946723e-14,4.941837134068729245e-14,-4.911847933158696794e-15,1.202904583354873659e-14,-2.771521480316185005e-14,6.509171883085898588e-14,-6.583625594748283376e-14,1.927912106215405234e-14,-1.426618001518141219e-14,-4.541032724577325344e-14,-7.256029514441598282e-14,3.751902529777450609e-14,-7.858647394748444412e-14,-7.733043602296075659e-14,3.431448909296350326e-14,8.894776939225540841e-16,1.007896849818557026e-14,-7.448059958806551374e-14,-1.509830791276998743e-14,2.464094387964382467e-15,-6.747148841478208789e-15,-4.531649288982502272e-15,7.825225579345899138e-14,-6.455295026482920041e-14,-1.361509327722444214e-15,1.966901795526835534e-14,1.094400633567824824e-13,4.045073892129446569e-01,2.329614511566386437e+00,7.123221346763103915e-13
-7.320590118226432819e-14,-1.318727170648378415e-14,-2.158692483519591602e-15,3.758880676072169502e-14,-2.453637716628745912e-14,7.807102400290050343e-14,-8.570141727005220274e-15,6.870355134874096505e-14,-2.737093429180675815e-14,1.067303730578767926e-14,4.707125438633781563e-14,2.798372988894648894e-15,1.920379306994849985e-14,6.660459909179185669e-15,-4.038551016273841324e-14,7.359737255123185814e-14,2.135092564296549145e-14,3.920428258864983620e-14,1.089770484046509452e-14,-4.121312312492546572e-14,5.484747359918895154e-14,6.915162153715791307e-14,-3.005238764705393233e-14,4.727948608852370455e-14,-4.653084920126421282e-14,7.849499899643604425e-14,-4.198901374325363493e-16,-7.552804590713681458e-14,1.257707337612718684e-14,-4.298231683070852611e-15,-5.896895523732767266e-14,3.510004601684173975e-14,-1.090326854953429482e-16,-1.890102530428278447e-14,3.473713717784107070e-14,4.391657154727812471e-14,7.865313483808339152e-14,1.772615133542322395e-14,-5.074720418898530239e-14,-1.219214020746811396e-14,1.355356753081526518e-14,-1.852130606190947364e-14,5.347020324403648096e-14,1.962859545920235860e-14,-3.792400301740190829e-14,-5.622750874071900675e-14,1.398541158070446216e-14,-3.213402036335367472e-14,5.781923837681315485e-14,-2.206941318015340744e-14,-3.202803501431973506e-14,1.395987482333798380e-01,1.160089073811037556e-13,-4.320050026795810114e-14
1.615768466544976139e-14,4.964498210945724906e-14,-3.468674496593910101e-14,7.345850332839811676e-15,-6.292376624437623624e-14,-7.517011804732711754e-15,1.092783178668372459e-14,-4.156671327339197560e-14,-5.988238077292070865e-14,4.503313905501080631e-14,-8.045332162835498879e-14,-7.447513064133999819e-14,-1.422572903416194839e-14,3.761080388631219734e-14,5.586811242640293322e-15,-6.107248963692751792e-14,1.597580740854232470e-14,-1.026576994819941036e-14,4.944697426790723773e-14,6.081249256557857285e-14,-3.544294877953668701e-14,-4.385982013301334887e-14,-6.062871175473355939e-14,5.068333391104767594e-14,-2.524744591862219647e-14,7.281256184471023213e-14,-2.353240608608516656e-14,4.727698199967244183e-14,-2.211520684805982309e-14,8.844888079094820992e-14,1.429447878344469656e-14,7.066294656563144292e-14,1.129277563964875698e-14,-5.108741535569695133e-14,-6.254915674800352352e-14,6.654457305943809747e-14,5.115180680297494416e-14,1.678702184872039350e-14,-3.750175723990824158e-15,2.944191224556302343e-14,-1.825784463982529811e-14,-1.596713861130192303e-14,-2.589547040029418855e-14,-3.222259997122910626e-14,5.133018907277993295e-14,-7.676481726573496806e-15,4.906454206638000481e-14,-4.994964765405125183e-14,-9.479895645174391974e-14,-3.562649098368425123e-14,6.220145960159535924e-14,-8.509399030571858328e-14,-9.210094710116567449e-14,3.980706157244854234e-14
-9.414239869660988343e-14,-3.778424178369108736e-14,-3.354932115083462471e-14,4.287002851476194391e-14,-3.496288341802909023e-15,3.835683661039049888e-14,7.451740187484274450e-14,-2.190329957857147943e-14,7.504622367244793265e-15,-6.829690928459688598e-14,4.532779952863898573e-14,4.030056403902477417e-14,8.437051080502891042e-16,1.232858396281993213e-14,-3.132417204897496436e-14,5.624311872910413853e-14,6.222141654271956274e-14,1.887696017684813361e-14,-2.473922370428177747e-14,-4.276847710734802166e-14,-4.535111516182737746e-15,1.647042272940377899e-13,-2.862390973336510093e-14,-2.891337586235273784e-14,1.126335780167914139e-14,3.403839714206572457e-14,-1.788346000171723393e-14,3.248982356696453345e-14,-1.185557635121825596e-14,5.655191078430826227e-14,-7.615410515252443706e-15,1.824761675107809467e-14,3.300841840378452266e-14,1.351394087810304461e-14,6.594183550580808178e-14,-1.693018274864479733e-14,3.635522203584954832e-14,-2.603899766547304687e-14,-2.113779471489009808e-14,2.134598357772793461e-14,-3.482601609820213171e-14,-7.779532301814048760e-15,2.583227783361669745e-14,2.471139887752992207e-14,2.932813929218294088e-14,5.838817433075880524e-14,-2.847709192612084304e-14,-3.025715033533805978e-14,-3.173626402424399551e-14,7.111638094884387775e-15,6.894007867235946333e-15,1.396556462323106623e-15,-6.516705894485300061e-14,-2.380254566598964356e-14
7.118585556411373196e-14,-5.176245608244533441e-14,6.335672727194226237e-14,1.830428812636623631e-14,-8.978990702648037500e-15,-6.745625530186824920e-14,-6.592854524822857148e-15,3.602445970126428775e-14,-1.967973094528747179e-14,-3.003747697863556772e-14,-8.447659875081682321e-15,-8.304497708953472714e-14,-6.051675675024661277e-14,7.036975211805682227e-14,-3.473166791423057759e-14,-5.225333479348432184e-14,5.021445575710250823e-14,-2.964920020206615355e-15,2.169724103065770621e-14,4.546897018142273916e-15,8.635255570826569079e-15,6.362637429381934634e-14,-7.159592268262403017e-14,4.166380585594222140e-14,1.535217362106137969e-14,-3.454771611203320807e-14,-5.518353027273059975e-16,1.007511313277328986e-13,5.263986347884504095e-14,4.148164242184862420e-14,2.751124946519072369e-14,-1.186177984926972234e-14,3.635130584881346581e-14,6.964839281729822791e-14,-4.838148954364259489e-15,2.687697084414706152e-14,7.631352892809418697e-14,4.694737759488954773e-14,-3.523890022837591911e-14,-4.610889223976503077e-15,4.986579856087566609e-14,-1.210731189940800048e-14,1.413086663599830329e-14,2.092307186703162514e-14,5.748099226240796284e-14,-1.399915197295557618e-14,-3.014252412458516074e-14,-6.066566872275554063e-14,-4.235161474628979019e-14,-4.149632403235365865e-14,-2.002745400019305490e-14,6.140542889673852063e-14,-2.970767139600744554e-14,7.433136685216856177e-14
1.701575224345726894e-14,-8.987120109480111441e-15,-2.074482937799878926e-14,-1.865749571990099079e-14,2.350079320544803437e-14,-3.352714339786002951e-15,-3.207848161511748375e-15,5.270960584906940304e-15,1.720798344807089291e-14,4.727973742172509509e-14,-4.035994092865390734e-14,5.109666585825348289e-14,1.514588170025345192e-14,1.581066982310853502e-14,-1.053610546873380485e-14,-1.285612755910553216e-13,8.594237186157192203e-15,-7.515035731045612957e-15,-1.262729432405251114e-14,-4.696274591445425940e-15,-2.433260233977064085e-14,1.272556342779949576e-13,-3.656332738952198159e-14,-3.528712839165598455e-14,5.409461227480516399e-14,4.251827924724856406e-14,-2.422289519140971742e-14,1.246444600956538888e-14,-4.521584640657221354e-14,8.210536907305481554e-14,-2.080125017650706995e-15,9.010542772078020565e-14,-1.151814197397739989e-14,1.894921546303862586e-14,2.147354048289861158e-14,-1.355209909428921387e-14,7.263689552103010467e-15,4.335930118862724842e-14,3.105139333482279035e-14,-2.018759809028610926e-14,-1.930799497167282362e-15,5.996467745227314021e-15,1.740322186306476334e-14,-3.171706919694507010e-14,8.133121283900635867e-14,-4.255484674147288914e-15,1.056796343458688067e-15,-2.362103497585329138e-15,-6.885265438180911357e-14,3.286540430282687394e-14,3.838617269752965902e-14,2.268888235684986459e-15,-3.823477329716484698e-14,-6.731298841735338345e-15
8.918209643240474584e-14,-2.841262572790480550e-14,2.917698299359046936e-14,2.544959674701156120e-14,2.348609233511082881e-14,-4.072487172993210187e-14,-4.438806635594467607e-14,4.059367995884114496e-14,-5.134138457322717358e-14,-3.422295259376840591e-14,7.003445336704090435e-14,-1.127719462183865540e-14,-4.037904962370378216e-14,-1.811844193700517386e-14,-2.633722664726375748e-14,-2.189525663425824015e-14,3.076087173535785386e-14,-7.996566521778970016e-15,-1.775656331140174799e-15,-7.218090658000593136e-14,-1.633278814753720744e-14,7.304263149522195779e-14,-2.216115926420622519e-14,-1.771844710686965117e-14,7.156071267920414456e-16,-1.973644382652664957e-14,2.174259396826389921e-14,3.464127672104793714e-14,2.417260281338155271e-14,-2.625869409027165527e-14,-4.427719832289861065e-14,-6.441865976073384720e-15,-4.439188283221556094e-14,1.357449405895272952e-13,3.214415741433892761e-14,4.852828706761643791e-14,9.857048217500912463e-14,8.122282921243653401e-16,-5.343499053370877755e-14,1.044399110284444323e-14,8.060500748311524910e-14,-9.842432033363245383e-14,4.010980251342725178e-14,-2.816721311927770145e-14,2.321828977981060366e-14,1.509054052481937134e-14,-1.926359823717776531e-14,1.859918243406909422e-14,2.852421748705982462e-14,-2.764918520686489716e-14,-3.083985478507952144e-14,2.975394579724904856e-14,-1.701558856805972435e-14,2.989220486104843714e-14
4.209108514806538713e-14,-2.384898018163188305e-14,-3.257547040016580763e-16,-3.701406817055153634e-14,1.730362857726807427e-15,-2.623889336297900153e-14,-4.760202644705196368e-14,7.748710361683433962e-14,-2.834974425472278784e-14,9.410584598659658986e-14,-3.958792495854621106e-14,1.465307384147230927e-14,-8.532676172996507416e-15,-8.612872525661330069e-14,-3.922398948199529141e-14,-2.686198914935495466e-13,2.331973388896864411e-14,-2.869201086864728146e-14,6.492943469341612269e-15,3.298377975769608099e-14,-1.047234637227335881e-14,-4.928092282990379563e-14,1.955252814348204324e-14,4.056922526032643222e-14,-2.107659178788357460e-14,2.898432370647921213e-14,-5.116363600105419110e-14,-3.725371646570005851e-14,-6.638630586673419722e-14,3.348533834883391154e-14,-8.262309166345894148e-14,8.939857074751184096e-14,2.150497736400366464e-14,-1.098334198846046886e-14,1.282976310256062147e-16,-1.172411613333822426e-14,-2.966964105033179930e-15,4.954546905320886627e-14,-8.627557163163953689e-15,-6.801669360878193938e-14,-9.660714625387848105e-15,-3.765504663271161568e-14,-9.932645218583786673e-15,-2.947983557978958143e-14,5.253382584596546428e-14,-2.022093968818050576e-14,-3.701114529329747366e-15,-1.919032553125946021e-15,-3.786245949695163125e-14,3.125185874844902450e-14,-5.142626177833397866e-14,-3.228818714277051924e-14,5.190757718385165023e-15,-2.900216856893998112e-14
3.311163616007616539e-14,-9.268011919534077597e-15,3.856450071290439738e-14,-1.024736172827501266e-14,3.425127542906606277e-14,-4.826507746522024465e-14,8.424622822914021715e-15,-6.470100157445643234e-14,-3.148433061491913787e-14,1.223186959382629387e-14,-1.670392297733308978e-14,-2.036095605917093810e-14,-3.216869992793898640e-14,-4.105907567588615959e-14,-1.173830228286152375e-14,2.191425393486387096e-14,-8.111491350581622400e-14,-5.026356788430396198e-14,-1.857911434879392464e-14,1.855715692335071760e-14,1.156638064514241532e-14,1.596134878447919594e-15,-1.661547642520532374e-14,-2.376989940825397320e-14,1.445670955998053867e-14,5.328341481772550112e-14,-3.807737688923932751e-14,-8.543067219353605545e-14,-4.784664891999287182e-14,2.896810644928397967e-14,-8.009717823746345322e-15,2.292367023725117667e-14,4.239162216870789589e-15,7.667891239022607785e-14,5.591737211651706837e-14,1.701067712763996589e-14,8.032358402330975782e-14,9.287742205683107124e-15,-3.590956409160571350e-14,4.201858557949665575e-14,3.907360431829468362e-14,-8.690733875539880634e-14,1.626631054111212481e-14,-2.708881165094468833e-14,5.746093469404486951e-15,5.789169527850275860e-14,-2.194995682148086112e-14,3.716749244059236310e-14,-3.479183757648962240e-14,-3.827115550176860807e-14,-8.878055629964475288e-14,-4.177022615090199010e-14,-4.748556233543336194e-14,2.329941799340427384e-14
2.320591241044452904e-15,-1.615964689684976682e-17,-1.301390453714070767e-14,3.543328221233616519e-14,1.205590327297521290e-14,3.569405061497047861e-14,-5.187245686436548858e-15,3.498812548983461615e-14,2.400111985871908772e-14,-5.681749799791605545e-15,-1.863980457356064878e-14,3.634442985561616152e-14,-2.166246750485955989e-14,-5.883774928496945112e-14,-1.857177074611709558e-14,-1.489671142037544136e-13,4.231138593486391890e-15,2.200075354879302955e-14,-5.813280454416025584e-15,7.416195471022801824e-14,5.120919456487624916e-14,-6.036515474844477245e-14,7.927530668159444267e-14,2.785156132492884303e-14,-3.019954825277754547e-14,3.630575769456710441e-14,-2.203846840024174291e-14,-1.273040232472970067e-14,-1.518618809080115718e-14,1.983224703550734574e-15,-5.956552658030306105e-14,-3.389738081101414938e-14,5.857395660086409689e-14,2.392933460920910090e-14,3.824314742922892897e-15,-8.831763560390195759e-15,-4.265202274664485180e-14,-2.834121918026536374e-14,-1.477002067356778202e-14,5.455449429729647934e-15,-4.120699842965388208e-15,-2.138058733554813387e-16,3.089978794282042062e-14,1.961940665807693268e-14,-3.932388621693308628e-14,-7.153024464501971054e-14,-2.818966240605306085e-14,1.349421910929507583e-14,-2.644477325557694307e-15,-1.038014862401747681e-14,-7.423376118778758209e-14,-6.901699958066898520e-14,-2.480331386261263989e-14,-1.735804558060042069e-14
-1.501671697760947667e-14,6.374826443895847307e-14,1.233975016939914564e-13,2.837506800283016094e-14,7.568539887357499512e-15,-6.143392420575265475e-14,3.222764216566907673e-14,-2.843618103803538563e-14,-3.468711564276778188e-14,2.814156561058529482e-14,-4.870028571059615555e-14,9.481897782105075440e-15,-3.127188422628015368e-14,-8.508562880153370169e-15,1.314965163008347480e-14,6.898505094111661298e-14,-2.188631209110619921e-14,1.920748328534258540e-14,-3.856007051524149335e-15,5.203761834187760374e-14,2.877806264569889525e-14,-8.226212838929514779e-14,-3.702834711616627681e-14,1.883049666640183897e-14,3.625961526233553134e-14,5.478304787817839535e-14,2.241250784975004528e-14,3.169982875642521611e-14,4.487258367064777399e-14,8.853625818139215237e-14,2.811730402680019599e-14,4.573946611475212415e-15,4.748062176868740181e-14,-2.278910372767230378e-14,-4.460754794159413172e-15,-2.188776500342709852e-15,6.366864196852856296e-15,1.130442076602760320e-14,6.387566131414163812e-15,9.438913164961857548e-14,6.594129102168937451e-15,-6.488135234254222558e-15,4.130768659986708278e-14,-1.116998216054258299e-14,7.456220592373468870e-14,1.080215629868114316e-14,-2.113131558008322837e-15,-2.984470362785461637e-14,-2.776470318534117399e-14,-2.168506449267350066e-14,-6.431576232486000485e-14,-3.865335451931057346e-14,-2.813457393746526924e-14,-9.714695679818674656e-15
5.326344698431951783e-14,-4.871587453139532069e-14,6.265105650783897935e-15,5.220120890339969494e-14,2.094290745691611929e-14,4.144988292839899419e-14,3.137470478459445679e-14,-4.390712185934188479e-14,-8.236806373231843113e-16,-3.276685145785970448e-14,-2.016859530927566126e-14,-1.448164598914573354e-14,8.250437812255766310e-15,2.991688890778376656e-15,1.670197548451535000e-14,2.339952158899511363e-14,-2.591454420630808133e-14,-3.148977000418523262e-14,4.774681359541682330e-14,-4.545783748354738203e-14,4.420978115480887565e-14,3.015263709476240273e-15,-1.960459431297932977e-14,3.908736194758921960e-14,-6.853386428602455375e-14,-2.680848000999192731e-14,1.090217362301871623e-14,-1.946965059006867137e-14,1.807475407689258012e-17,3.585465293892343049e-14,-1.277453289019914636e-14,9.532227759699355141e-15,1.473680976492984007e-14,6.057397463498672428e-14,-4.817732232368965278e-14,8.513169451969319015e-15,-8.033119817474034779e-14,-4.736634784994453265e-15,1.885595003890512875e-14,3.542416028151465483e-14,-2.472046954165627503e-14,-6.099565379392179394e-15,-5.303717368473116929e-14,-1.729682329481873347e-14,2.583525360936690878e-14,-2.009751327261930423e-14,4.430971460255617783e-14,4.383655591616418048e-14,4.211415138003628479e-14,-9.826765472789019938e-14,2.033732803466097661e-14,-8.242377426711184244e-14,-1.936794343872646758e-14,5.758578744956900600e-15
-1.166882441837526586e-13,3.435500889996237834e-14,5.469865268673248546e-14,4.906883425920360810e-14,-2.449567158253409223e-14,7.815288944888235987e-15,1.094633077790256990e-14,3.039172870753233261e-14,-7.719951678510981535e-14,-2.629909344385046924e-15,5.456921838584553500e-14,-9.508824304634541032e-15,-3.128057864659898891e-14,2.816939481922341999e-14,4.496480508287958010e-15,4.441515685503567255e-14,-1.218134326680182956e-14,4.070986735295053332e-14,2.975922056067446259e-14,-8.527993882026950534e-15,-6.369898621278288710e-14,-9.738520898931648834e-14,-4.596688266352802727e-14,5.181555916078176703e-16,5.872007130098017803e-15,1.167132163769285736e-14,1.739942101522051309e-14,3.422876850142491681e-14,5.503083127267719537e-14,3.796383535056941446e-14,2.535726503060368258e-15,2.342041535032121045e-14,-6.410098120764508882e-15,3.923009626011191618e-14,-3.603923822663919713e-14,7.132554592164166794e-15,-1.571383631500346905e-14,-3.211025185013631393e-14,1.156328625766297598e-14,5.040833780169921841e-14,5.981360503638293290e-15,-1.264495104177102302e-14,5.946066489466698161e-14,4.535237574277307519e-14,3.486812777156400988e-14,-5.856403476812784642e-14,7.115912110113968974e-14,-7.124661096623642242e-14,5.795346929130584121e-15,-1.983247281176383350e-14,4.360878911623500684e-14,1.353641865785246051e-15,-2.119933589822200870e-14,-4.539232503453164841e-14
-2.427454434663570488e-14,-9.605686123144597104e-14,-1.763308504502830950e-14,-1.209310767228336047e-13,1.134586746527369092e-14,-3.142844082260335834e-15,3.144690445855147453e-14,3.423952660915491803e-14,-1.154984812297254076e-14,-9.371517847449815659e-14,-2.258294425027804992e-14,-1.778871251057376756e-15,2.068032072831121981e-14,3.040763853001719153e-14,-1.898764625267373585e-14,6.944055852861866423e-14,-4.972659246559008102e-14,-2.842223803116206439e-14,7.476371606522808243e-14,-4.707609249069402845e-14,1.369832697281260391e-14,-6.864752280779152943e-14,-3.957015849452318676e-14,5.201543784139534013e-14,-5.811378027784451544e-14,-5.171721015476438388e-14,-1.551066594727069588e-14,3.964851347651872172e-14,-1.537845472080480259e-14,2.099603103521717767e-14,6.719474868038714668e-14,6.522246781685416723e-15,3.670623162267798298e-15,-2.009368214526418968e-17,-7.318048425662515986e-14,-1.235755532470541571e-15,-3.988164822404444513e-14,5.346947394404163889e-14,3.935615098699732025e-14,8.940921587555060375e-15,-1.914988260156194282e-14,-6.088650812343737359e-14,-7.942372365649482522e-14,1.228804612621423331e-14,1.233130288510066900e-14,2.598326760253062034e-14,5.210991964258962858e-14,-1.304462472171910707e-14,-7.562473862700295426e-15,-6.684612177755949284e-14,3.421254745975411424e-14,-9.127185564998677002e-15,1.918436619611498278e-14,-2.674049064442760633e-14
-2.068448726246259328e-14,-5.912446125923451430e-14,2.586440143765892048e-15,-1.530166894846556082e-14,-4.847067656891767376e-14,3.321306524116859488e-14,-1.770461269559058848e-14,1.692000970869868149e-15,1.129833480246022982e-14,3.558759194978004916e-14,6.738722122763190333e-14,3.809970852811065630e-14,-6.645478552378215896e-14,-1.187328708784441769e-14,4.338084923616959337e-14,7.834873273666413728e-15,-2.053699853163057795e-14,2.743333908450316313e-14,-1.494738305296080419e-15,-2.784740114481191292e-14,-5.759839708946829064e-15,2.960394654981774710e-14,5.590979524263716587e-14,3.094747338149965509e-15,2.636604144710941496e-14,2.340379773739080015e-15,1.984918264316814343e-15,1.748348966388826512e-14,-6.842996684549099698e-16,-9.956236508319903056e-15,-6.257757342655596729e-15,-3.491142756696043041e-14,-4.099245705726743636e-14,4.833600869960316641e-14,-3.891198242009251882e-14,-8.629733594020449378e-15,4.784634901561305331e-15,-2.675518723961786917e-14,2.554053895889931664e-14,-9.716204761333710095e-15,5.080259092248577887e-14,2.719201765994835413e-15,3.107968512296424114e-14,7.038360933793472031e-14,1.180544874036143871e-15,-9.307235750862957944e-14,2.318190193602546979e-14,-4.030138182676930674e-14,-7.841986799785652644e-14,-1.456771126312685252e-15,5.040265791687763769e-14,1.333837706469193024e-14,-1.986400117125518885e-14,-3.252504352544889245e-15
-4.513945446041474940e-14,-5.630483293354563290e-15,-1.109604908949979857e-14,-2.739948186032321197e-13,1.802501252382078956e-14,5.478803997960601165e-15,3.295541595864185063e-14,3.449391542255453224e-14,8.582929806534915116e-15,-7.281916101491468900e-14,2.948746895303240547e-14,1.295399991108052736e-13,-1.422666473750812789e-14,3.444568936901878872e-14,-2.854115248721057825e-14,2.086820619031179553e-15,-1.226236215655493432e-14,1.710659109601498154e-14,6.416303901061160860e-14,5.002242983809889790e-14,2.100442574426204467e-15,-1.032904309906156718e-13,5.840773431209828146e-14,-1.247421896089120651e-14,4.441193345859423015e-14,1.356973142279432386e-14,-2.048982863989557270e-14,1.663159083507534298e-13,1.164961651833345481e-14,2.245610682571876760e-15,4.013506026008556555e-14,-5.390903209634611136e-14,-1.502515351236353472e-14,-5.612809001129489751e-14,-1.725447141355613867e-15,1.422289723400502368e-14,4.780380276545176700e-16,8.009137392297217677e-15,8.606528517605293089e-14,1.811278877673446694e-14,2.131153381571508537e-14,1.638099383646958522e-14,-1.776896508357168745e-14,-1.887032533278204968e-14,-3.729502429475527951e-14,-2.908613614659954983e-16,-3.615082414614132872e-14,-2.869068075792670875e-14,-3.596295177647969956e-14,4.826800334370642390e-14,2.381702159290717542e-16,-3.054877741418673475e-14,-1.135345116845608414e-15,-3.459853666470170620e-14
-9.368637552985024626e-14,3.085867204982452874e-15,2.131628207280300558e-14,-4.131674426456878905e-14,-7.082354538097915417e-17,-1.803568386169170800e-14,-1.545174408166323252e-14,-9.495325049484441570e-14,3.943488781352168268e-15,5.209395612681299687e-14,-5.178737803162764070e-14,3.077494495872810121e-14,-5.616300141544541674e-14,-4.800607018920914906e-14,4.783680778992145784e-14,-4.421129883030966556e-14,5.391002269110458969e-14,-1.531222700830797350e-14,-1.860931045909628111e-14,-9.813867442160812220e-14,4.146225949540756209e-14,5.775209838996190997e-14,5.375380934171867253e-14,-4.965108509450618851e-14,4.290542098747556578e-14,-8.688276729197493223e-15,-1.855408265068529516e-14,1.229291770431629248e-14,-7.222430079029960074e-14,2.203065875615525914e-14,2.846222056490343036e-14,-1.090617628819217686e-14,-2.023227489193369215e-14,1.976789225049529877e-15,-3.676895587456025123e-14,-7.228489437097825049e-15,3.988450357602931882e-14,3.230007980088163420e-14,2.134174718646076909e-14,2.830620726023070021e-14,9.163519978326172306e-15,-1.293062807794660807e-14,6.208710554883482961e-14,5.567245963136275868e-14,-4.526044312284996840e-14,-5.173007382022355704e-14,-5.539752638304100176e-15,6.177933499466330182e-14,-7.202232897607471567e-14,8.109507485698914165e-15,3.530080868726759689e-14,1.724459467403722483e-14,1.376636999012773521e-14,-2.570714644194321160e-14
-2.982909944932063337e-14,1.291959151767060684e-14,-4.159750544346640804e-14,-1.849976279616221742e-13,-7.349363144692238735e-15,1.410276550197431396e-14,-2.138417284563190759e-14,-5.702954516291914905e-14,-6.973011645601879355e-15,-6.078841352819478235e-14,3.412693771246903952e-14,7.573034756001034047e-14,-8.197593288127510996e-14,-1.358077368296063770e-14,-5.163190284362703234e-14,2.679550923660142390e-14,2.332371678704182531e-14,-4.747550584565613089e-14,3.347593192482196600e-14,1.315675470550546006e-14,-3.367099861918705370e-14,-6.169288282063974275e-14,5.428811377121331090e-14,-8.204142655298077114e-14,6.033482483885962507e-14,-8.266056261501569065e-15,1.316698736581487545e-14,2.407574554108597227e-13,2.185467643087910208e-14,6.770183195879830090e-15,-1.427643908846018047e-14,-4.836539568393512431e-14,-3.088014950430779740e-14,-1.355271955579205416e-14,1.242176688658665217e-14,6.978471836528503635e-15,8.323210757345653913e-15,-2.477405072321813379e-14,3.886573264512336846e-14,5.604748690984711845e-15,4.837793796572064587e-14,-6.541419667320495651e-15,-7.706984204253676532e-14,-5.775538582779419728e-14,-2.062569737924784434e-14,-2.130607747680312437e-14,-7.603261533879130551e-14,-1.240987807463030977e-14,-2.235771961894832143e-14,2.019717103993280462e-14,1.957312481582635029e-15,1.504977831446461517e-14,-6.476927454715174452e-15,-6.539972572803411266e-15
-8.335240990357499565e-14,3.939980062551882284e-14,-4.088894266369135240e-14,-1.110766371673919971e-14,-3.032032550386224900e-14,2.381230371979572066e-15,2.543944019344984477e-14,-1.036067388885951066e-13,-4.732627673278796554e-14,1.708958151745204794e-14,-8.027878939192671856e-15,-1.562536362564364708e-14,-5.640987552072862339e-14,-2.523694520779724878e-14,1.833645989670798305e-14,-2.698767756909148507e-14,8.371495925297094401e-14,-3.736170841706503010e-14,2.087133712967492558e-15,-5.912013115293823065e-14,5.328877069808592348e-14,-2.511708724949917446e-14,2.627722079108800929e-14,1.155538468778642275e-15,1.949105947267158881e-14,8.860531985281053066e-15,-1.805181898132498983e-14,-2.831614051224207696e-14,-7.639977980299494828e-14,-2.143467044664124167e-15,2.386558246878504250e-14,3.773593561463720524e-14,2.027034550264250352e-14,-3.728889868605236882e-14,-2.816550773587207944e-14,1.122297229201374555e-14,3.892711028257391186e-15,-2.035720567428640600e-14,2.063629119176938157e-14,7.298065238445514039e-15,-7.464787617187929221e-14,-6.143181624171330282e-14,-2.440819450877920494e-17,-1.887747866592177398e-14,-4.540559954689586799e-14,2.626969953519230788e-14,-3.791376722001527203e-14,1.230935473586780248e-14,-7.068379832627643533e-14,4.649159714837301904e-14,5.387063109695409927e-14,-5.525890601242804678e-14,-6.453792087913864352e-15,9.510424619927990789e-15
-1.416378518839135309e-14,-2.305224247176165143e-14,-3.381139392382568967e-14,-4.219450540666002863e-14,-5.009122308785065391e-14,4.658401175240119231e-14,-3.431212422570738374e-14,-2.585373543032658008e-15,-2.087635616570457011e-14,-3.353122166010733663e-14,-5.190894688302272891e-15,-2.607783842736951534e-14,-6.180828116900551539e-15,-2.116979174190418330e-14,-3.828506587184419297e-14,4.323947032476367350e-14,1.335574406410679609e-14,-4.587597567289587330e-14,2.294438233218499589e-14,-5.647903678079516804e-15,-8.232872552771794077e-16,3.622518797892095742e-14,2.067745281089127976e-14,-2.545328807756051020e-14,4.473506973995395719e-14,-7.197809058838727601e-15,9.262623804758231103e-14,1.281698701999266599e-12,7.205964851345904743e-13,-7.141008282317489657e-14,-1.338296597003316031e-14,-5.367247609537990587e-14,-1.151019644394186163e-15,-2.593848267082090256e-14,-9.020733995901799186e-15,-5.802216107266592617e-14,4.761208426899550594e-14,3.265310525274407343e-15,-1.645131980784803409e-14,-6.499142355553786059e-14,1.708448983265457935e-14,-7.943444386318115451e-14,-1.874454729408138109e-14,-1.032696391580994101e-14,-1.882971014677853781e-15,-1.536346497569143231e-14,-3.010796489040379833e-14,4.859097293284139914e-14,-2.216619981539546424e-14,-5.022396319478962968e-14,-3.897247837647043640e-14,9.279284209399293558e-14,2.678916089771435587e-14,2.218825154182835446e-15
6.160182177628114015e-14,-3.551327818809915743e-14,-4.798190650437394515e-14,4.943786967838018504e-14,3.176796001591539617e-14,6.770775257554622398e-14,-1.073851346161633221e-15,5.339141207351812398e-14,2.657724874778870962e-14,5.999479636780743174e-14,6.045335674015447362e-14,-1.717054649737253818e-14,-1.682091089169225461e-14,-2.637556004302810389e-14,3.532167750527184280e-14,4.554678441271244036e-14,-7.860914457383326938e-17,-1.743421831646234916e-14,2.981782116838049895e-14,4.285896003270175962e-14,5.259016040618329622e-15,-9.101463833096353488e-15,7.504513449370502398e-14,1.487541229802934464e-14,4.057513180699741865e-14,-2.183677628052607999e-14,4.255706001714632381e-14,-1.441506317527795968e-14,3.889582793106557790e-15,-3.187741953441510430e-14,-7.115108301748443215e-15,2.198340215762167058e-14,2.515766854086256920e-14,-1.474494192282107288e-14,3.098761505587573986e-14,-3.142842483699210288e-14,1.469947098772388270e-14,-5.009878035848962904e-14,-1.917705544073038855e-16,-3.208420634460657912e-14,-6.330056437264624659e-14,-4.193028700036164831e-14,-3.494503286769524983e-14,-3.182493460464093672e-14,8.830844330716785906e-14,6.878539503154526528e-14,-2.643430769693800624e-14,-4.545154812242986543e-14,-1.516538794242384817e-14,8.942435765668884815e-15,1.353378087944407496e-14,-5.856294789988247349e-14,-6.665765034210418262e-14,-8.098652880521949266e-15
2.237689258703932708e-14,-4.214610345655279147e-14,3.245597394376562792e-14,1.470854171909916922e-15,-3.064947884237252740e-14,6.262160659709243084e-15,-2.886127115314351238e-14,9.175791815222420536e-14,2.617511013463502505e-14,6.684882075405853131e-14,-2.745057152394628653e-14,4.156695883293982574e-14,-5.259151513073175091e-16,-2.149202116704206102e-14,2.471568901151473528e-14,2.724641361568143409e-14,1.420964468802518399e-14,-8.613077092927286565e-14,-1.738392021485832318e-14,1.982958103262972982e-15,8.205414620407768459e-14,9.077473254016506530e-14,1.007440236276940190e-13,3.049399169696945635e-15,5.114033996152530265e-14,-1.455850669005489820e-15,8.930236356956158030e-14,-1.304757090812428811e-14,3.032258425305036478e-14,1.158140458477423114e-14,2.854476049556568221e-14,1.396042803194662304e-14,3.604007416477846139e-14,-4.516360583256763754e-14,3.737362750342832904e-14,-7.305004425132356828e-14,2.879702684736746845e-14,-6.302993729393473812e-14,-1.415223754635043228e-14,-5.491619290161328537e-14,3.072867099173950126e-15,-2.247462820333635866e-14,6.807247001660808815e-14,-1.092741402483116471e-14,3.459075046310950803e-14,2.706269319395484665e-14,3.486972371812701688e-14,-3.296042858346623755e-15,1.112984120305440277e-15,-3.083515725818751517e-14,2.191251814812182718e-14,1.316492458383411734e-14,7.582988363728438344e-15,1.584663429944276454e-14
-3.756344796857138138e-14,-3.427148831907719582e-14,2.644411441604177018e-14,2.012571540104580554e-14,9.299569467958651719e-14,6.032880819659998442e-14,1.791642597039278554e-14,7.570777144912909964e-14,7.590574671201418818e-14,5.967029889190843865e-14,4.234435235300242970e-14,3.036741626030147957e-14,-5.387400089553053264e-14,6.100807130699150413e-14,2.103898529598270452e-14,2.315973175870007105e-14,3.887824082473538557e-14,4.393313651617032548e-16,2.115641106882890361e-14,1.437139819381460190e-14,3.289538150207794069e-14,-2.313653715449136692e-14,8.871853771400395443e-14,-5.497901591908191587e-15,3.575338292037814427e-14,4.869853467776762191e-15,2.289089463320733080e-14,4.822337823199212090e-14,2.880105710256289862e-14,2.170088478508408552e-14,1.325991534236350573e-14,2.554396692318119497e-14,7.151409986678529540e-14,1.517540729507513023e-14,1.547594569212186243e-14,-6.095409534424130064e-14,4.746333887542918733e-14,1.661465571291661840e-14,1.925496373788256413e-14,-1.087757023593325373e-13,-3.328652422008912905e-14,-7.477398841716319732e-15,-2.814924961845091116e-15,3.373933803801871831e-14,1.067917775343087571e-14,-4.245260873579103462e-14,3.507117500914848438e-15,-7.076747244618437140e-14,1.600082310153142650e-14,-5.448402138588866712e-14,-4.080910283818542971e-15,7.604942326070984043e-15,1.559298001758359244e-14,-4.617505576316323651e-14
6.974843652905600019e-14,3.504505967557612406e-14,5.390181054262464913e-14,2.115812210719456170e-14,1.469454088096004193e-14,1.121641680230456358e-15,2.898510308361936583e-14,1.037626292235591868e-14,1.317809401411767209e-13,1.921030859996098118e-15,1.554179390867980316e-14,4.072007510597985409e-14,-6.039137566668585845e-14,-1.583824812163542076e-14,7.527363324190768003e-14,2.130204430895236209e-14,3.597769511864324773e-14,-6.194128879254334020e-14,-7.229505510079974943e-15,-2.022076214473023368e-14,1.024771340239535918e-14,8.237469207287595914e-15,1.030325121389862533e-13,5.153245052842253193e-14,-1.987277978376054361e-14,4.996924813351905991e-14,7.299125872119374906e-15,-4.911489699529174400e-14,4.957048288453458576e-15,2.397623978083273510e-14,2.415753798293924175e-15,3.108884886785017940e-15,-4.494669017998809120e-14,-5.159472280680111641e-14,5.174434804336869672e-14,-2.096616511736010907e-14,-2.447630053141597581e-14,-6.897766167502250664e-14,-1.772363381234358873e-14,-7.916722566530405103e-14,2.353870826673622740e-14,3.120032452904396811e-15,3.308735513433891385e-14,-4.052002483813454195e-14,-1.912882792890343684e-14,-1.844227776369361556e-15,-1.974091205214519794e-14,-6.775263640357031531e-14,-1.227665813375390479e-14,1.933834358395055658e-14,1.596592434872009893e-14,-5.328336039428845973e-14,6.501681928966930339e-14,7.196167616076541416e-14
9.788730555829154093e-14,-7.763531385042158998e-15,4.168627994546861831e-14,4.722684950548103744e-14,1.572396791740358125e-14,2.180035144073091973e-14,4.747524726114255831e-14,-6.245066637265445367e-14,5.461397340415879702e-14,-1.007426095520779894e-14,1.130845650522691327e-14,-1.081699290347082405e-14,-2.056549817566212698e-14,7.590061926392276160e-14,1.946780857665303807e-14,-3.597171130590884101e-14,4.701200680216540254e-14,7.506872795889945474e-15,-4.339061295822437695e-14,-5.134047797754225292e-15,3.847804492148663901e-14,1.232139255769557317e-14,3.405994775819254809e-14,1.980006433934076406e-14,1.977821272893771702e-14,8.209505123778398211e-14,-2.171423494221023376e-15,-8.396121856080762738e-14,-3.129171023053150427e-14,4.688179826595228941e-14,2.585508009360904538e-14,5.624890733815977805e-15,5.050729746406957700e-14,6.928342738028224247e-14,9.428859119080774408e-15,-2.181875080291133421e-15,4.236827829268969320e-14,1.119120513427761084e-14,-1.181446662042925026e-15,-3.898835079579061299e-14,-4.745497133345626176e-15,3.849969335076680438e-14,-1.784206145515111734e-15,6.972222245782483667e-15,-3.303022461865908130e-14,-3.212625774465816008e-14,4.661752109089831462e-14,1.527617994966743249e-14,4.951215345364698352e-14,-2.437650835799376270e-14,2.494042844378646998e-14,2.663849136246877259e-14,1.081338190696169459e-14,-1.174418946563267092e-14
3.257502911454121238e-14,-5.355162239996809316e-14,2.494038641546607128e-14,7.193014964687147783e-14,3.276556132722760006e-14,-5.679574018812707398e-14,6.313650841999645050e-15,-6.123271562738640913e-14,5.799835398692361316e-14,-3.405589921226289524e-14,1.022382805957722565e-14,-5.880813064422974559e-14,1.387145157040172025e-14,-5.825605249704935414e-14,1.087438929512143065e-14,-6.403750733934812797e-15,1.411798215757338133e-14,-1.407467100767724976e-14,2.960854385778937174e-14,-7.626678496633939771e-15,-1.491773461907601539e-14,-2.154622803178770418e-15,3.852290125334895065e-14,3.551870947455128266e-14,-2.268789123442601626e-14,-1.982036337650914403e-14,1.231214331318519228e-14,-6.235543950285601992e-14,2.214076169750003606e-14,-7.733179730643235777e-14,-4.088338561130738815e-14,-1.558019634791660818e-14,-1.536048745612051865e-14,-1.019041739569929059e-14,4.552638242605551166e-14,3.562122521574278361e-14,2.057139690148416164e-14,3.184023224920501820e-14,-1.519908055108276913e-14,-7.890994517301420316e-14,-2.200493866964668815e-14,-7.611638907988565783e-15,4.448858752233417970e-14,-1.430726634468835905e-14,-4.080831089748445796e-14,7.808025597502825929e-14,-4.809156204246946404e-15,9.335612807266106825e-15,-1.918375464471569939e-14,-2.827575044168989972e-14,-7.567572208863856905e-15,2.370649252510079465e-14,4.959497110880362888e-14,-4.532317068985201433e-14
1.103529112230773851e-13,-5.307120912144845410e-14,-4.321868949333875941e-15,4.775277530120351986e-15,-2.082833220025177143e-14,2.370650331096301373e-14,6.119417820719231729e-14,-2.856710610343782307e-14,1.895637013150001033e-14,5.661773568403509301e-14,1.736316253216058416e-14,-3.826309533956513621e-14,3.411974060134416220e-14,6.454224743664782827e-14,-1.256640627458068423e-15,6.615649957437074672e-15,-2.824383007611562963e-14,1.326070271246500712e-14,-9.774808141033266886e-15,-3.881541884270040987e-15,5.870517247790265994e-14,8.000708766076312690e-14,6.657185609072177549e-14,-1.076961908699351089e-14,8.768934551775410129e-14,6.295817885533528917e-14,-2.217567872901448011e-15,-1.917597662983060090e-13,-1.728865583302279463e-15,6.250858933943802343e-14,8.684188528925953610e-14,-1.090362201051683080e-14,6.606281532451189563e-14,7.999697536009650782e-14,6.017195581913563764e-14,-3.304574352549886754e-15,-8.696622614897640585e-15,1.392269960438250935e-14,-2.888966865499266771e-14,5.745381327129262636e-15,-1.107989481507464655e-15,6.415763349801618656e-14,3.407595624889265930e-14,-3.843720007763856447e-14,1.782118092084158406e-14,5.561899408169632095e-14,1.832482114757725594e-14,-2.914677555095677694e-14,6.038190347683805167e-14,2.350403758264649547e-14,-2.118452661153204217e-14,4.522297845625357389e-15,-6.510751142949280475e-15,-5.169361686764276904e-14
7.960551705276143480e-14,-4.458368414933575265e-14,5.148503792071470846e-14,2.432607222284153622e-14,-8.411176980234555257e-15,-2.855670720488511882e-14,-1.908288459883265678e-14,9.788864039988071965e-15,-5.143272370296509957e-15,7.735514518898882824e-14,-4.115451059020717119e-14,-1.412061461857454300e-14,4.374955698055178990e-14,-6.175089890857490960e-15,-2.270130356919365247e-14,-7.867640460498112908e-14,-1.380633463430863876e-14,3.043685182670667101e-14,2.088871891586298005e-14,3.442904986433852243e-14,4.563289827231512448e-14,-9.777641263307751195e-15,-1.544645051618126781e-14,-1.637146776034182740e-14,-4.133251191816482676e-14,-7.831712770793027102e-14,2.209731981448928113e-14,-6.130562543873207791e-14,1.180313683323893599e-14,-1.958727633258593152e-14,-2.223699703961539518e-14,3.562329323992904441e-14,3.832508925545229562e-14,-5.343026168965520219e-16,-1.474134343720179363e-14,-7.651386895897960012e-15,2.947639088777108530e-14,-1.372280963276541294e-14,1.431260652260779301e-14,-5.536726703206516195e-15,1.036401188107168787e-14,-5.722120565718705650e-14,1.418367758937640999e-14,-5.970142204642802061e-14,1.057640451468974142e-14,-3.472083713100134384e-14,5.796246663256945797e-14,-6.194132607033093837e-14,5.527617077234665658e-15,-5.667908977672882201e-14,3.285263745468546476e-14,7.157277683536377294e-14,2.376234310562304365e-14,-5.477868966411860527e-14
5.763100079107666985e-14,-1.050055191187307080e-14,1.003865134235398194e-14,2.473039137332732977e-14,2.279151467532788786e-14,-2.477436760886487878e-14,4.999063167640717722e-14,1.454467106183298649e-14,4.594507631250886225e-14,-3.212866796551558082e-14,-3.214315790160233294e-14,6.947554805046367449e-15,-2.218604626184285476e-15,3.842178146720953219e-14,-4.419664160933245086e-15,-3.892536669275168320e-14,-6.848776527319890301e-16,1.064145206013009244e-14,4.306020050011594379e-14,-3.065046547121060220e-15,9.300413055611787897e-15,6.933445399565699812e-14,5.105382268173574690e-14,4.717679979111001661e-15,2.393962539729695361e-14,4.727556244627868805e-14,-3.266133856815745462e-14,-8.361023400119811432e-14,-2.052680844856033578e-15,8.269040102260343605e-14,1.970849832614921905e-14,1.913797597360777425e-14,3.326076036866919999e-14,1.600141893987434845e-14,3.860526499698846313e-14,-4.374198948157800889e-15,-4.451542878848689562e-14,8.560371122435748164e-15,4.638160749623951701e-14,-3.541071215857564723e-14,1.978450780090190911e-14,7.596365425305601138e-14,-1.966447528499499198e-14,-1.034741050856653931e-14,1.077440911339698735e-14,-9.926016595169098783e-15,5.577564919112229582e-14,-6.243517082041505943e-14,4.819858353215877161e-14,2.249283098939368833e-14,1.541945660695232160e-14,4.715202200010918012e-14,4.043528621479882140e-14,-7.400301103160925975e-15
4.112618626826500861e-14,7.146698518528006751e-14,6.468814863146343208e-14,-5.466356828327623915e-14,1.652897465835269908e-14,1.841895935441379820e-14,-1.070274758848661163e-14,-6.871170978425684144e-14,-2.007447748384382102e-14,-2.227297578370895108e-15,-2.055978747200958688e-14,-4.032814536267321888e-14,3.128093377579559794e-14,3.816769701427065893e-15,2.354520973639325763e-14,-7.752100833882560594e-14,-1.558661059323238848e-14,-6.994998588699163365e-14,-2.454343731819246880e-14,-2.156981765128540422e-14,5.076249218676407110e-14,-4.844418146431402901e-14,-4.655932121397218602e-14,3.383954873264769097e-15,3.030529946198905254e-15,2.491853250926993782e-14,5.093495268176626606e-15,-5.060827936825665896e-14,5.789054109381244836e-15,5.044009960655405697e-14,-2.040996129404960227e-14,5.217937353123580016e-14,1.015758726667387302e-13,7.790804518228942066e-15,1.307403589958645435e-14,-2.171850498593748988e-14,-5.406169489292243599e-15,-6.131553412925563585e-14,3.616859742058616993e-14,2.047232617291735850e-14,7.513241066085035015e-14,-1.524965321473948482e-14,-5.920233472942270889e-14,4.097471098476276526e-14,1.401397101717386146e-14,2.652773114121124291e-15,1.324135103990136460e-13,1.135153628955796942e-14,2.993759767365190377e-14,2.803548122035006247e-15,1.402298914512934682e-14,2.014761880131031139e-14,5.357316363533354453e-14,3.503417188109563623e-14
-2.050990022189124807e-14,-4.511759503455406268e-14,1.580985278468722435e-14,7.435058501523510538e-15,-3.824206628686609394e-15,-5.573591141229276450e-14,1.519373177603815412e-14,-7.260911513556803831e-14,2.758659111639705280e-15,-4.141157223268677162e-14,9.881828425481310239e-15,3.497334135916824970e-14,-2.215179217523246132e-15,-7.940211355162290236e-15,-3.298991617440205304e-14,-1.089625500799592998e-13,1.992772036182005381e-14,1.647264465203642247e-14,4.757641593147754678e-14,-6.163332193949797193e-14,1.407648376903756172e-14,1.565739192009105886e-14,6.990317526650533526e-14,2.619492710626912137e-14,1.382643262377813221e-14,2.009864316126239099e-14,2.864314904331141029e-14,4.808417398067663893e-14,2.272078622519959093e-14,8.747844918260510104e-15,3.591914799602147339e-14,-5.600910031747943523e-15,8.826295045947587738e-14,-2.416310314306298079e-14,3.378258761704440975e-14,1.459992005136607910e-14,2.276837705243845499e-14,1.144447074853895292e-15,3.836870408221888084e-14,2.237374700251606011e-14,2.093439710213569502e-14,6.011580131902935292e-14,-5.381790057905802495e-14,2.921700462953084747e-14,4.155485830496122477e-14,6.200769599671973070e-14,7.667341079784443548e-14,7.627932647968737046e-14,1.853339316260982227e-14,6.048855051369088479e-14,9.222306737689236492e-14,2.033450397873746624e-14,2.581453409362957927e-14,-3.309055305457218802e-14
-2.254377788316487451e-14,1.641188932188886458e-14,6.810761748254638875e-15,1.278990489575772193e-14,2.183385472539397875e-14,-3.035347582678244966e-14,4.519105085169460961e-17,-2.772894721234545542e-15,3.363727554474235782e-14,2.740677920103277290e-14,3.364948377271567296e-14,-1.055634029735613013e-14,6.785810281877836196e-14,-2.270087181124565524e-14,1.485138331676475969e-15,-5.625371290588215457e-14,-1.465500275508166800e-14,-6.218739246972216527e-14,2.779479071200537400e-14,-7.396679394701491001e-14,3.741490760727820271e-14,-4.634098821845908643e-14,3.542519199996495062e-14,1.338767714625599235e-14,2.807839262570138905e-14,8.521583079964230044e-15,2.959354599741914587e-14,-1.370212577977078545e-14,8.872021521350626930e-14,3.968602765502165022e-16,5.412553327271473854e-14,1.329703233901693516e-15,1.036600898546466288e-13,8.870862520284524108e-14,8.297903883042656678e-14,1.700287942623516725e-15,-1.800603656993093606e-14,-8.442196619044765268e-14,1.322996642492723206e-14,2.715673178482773673e-14,2.566748541958844903e-14,-1.958802515100072271e-14,-8.049138871304971459e-16,3.991122430632302400e-14,-2.554595940501924187e-14,6.923388721533803665e-14,2.713120991862062007e-14,9.242853702009986846e-14,-3.053679009915328299e-14,6.274394520508448222e-15,-3.067332511053210827e-14,9.475987696322412106e-16,3.148807865157227919e-14,-4.265134189222460966e-14
-2.802203818625601013e-14,-8.338553908679018360e-15,-6.425611303583381870e-14,-5.912827270838458934e-14,1.294895207353405459e-14,8.433656641177070079e-15,-1.512334252544729643e-14,-4.544711485756775580e-14,-2.613911861091293816e-14,6.788506143183417344e-14,8.713869675033403952e-14,-3.129814082421182939e-14,-3.673798047362250190e-14,-4.126649428142580354e-14,-6.283554679112167403e-14,-3.136582631133552119e-14,1.525423188302326429e-15,-5.034256133899272509e-14,1.410240616459872482e-14,-3.144537285295882744e-14,3.022124182001350220e-14,-1.632787984011992402e-14,2.533157856715589689e-14,2.302647116864541560e-14,-6.442130903706517647e-15,-3.360764251313737387e-14,3.430667549066876392e-15,-1.417285140602118329e-14,4.346018925134125998e-14,-2.206867612828222797e-14,4.096200383100373745e-14,1.430244039440388904e-14,7.551629999020787593e-14,-1.164024253330803962e-14,6.174948583420380332e-15,4.300730900751888857e-14,2.879661159430512364e-14,-1.720818870970846808e-14,-1.234289292977815727e-15,4.527832553435358518e-14,3.592845521938057551e-14,-2.547414283345299062e-14,-1.693674620954536885e-14,-1.766191272416371532e-14,6.103480194774839035e-14,5.962889437889252222e-14,2.737823237745477059e-14,5.292273929786495024e-14,2.612189856333120970e-16,6.845121475667281523e-14,3.313342803049894155e-14,4.938113106167997870e-14,-4.770292201035530032e-14,-3.500155618426674336e-14
-2.441619317240639877e-14,2.452249941342503970e-15,2.719349386046095759e-14,9.363703228431134901e-14,-3.851293290989160607e-14,-5.019550917357277864e-14,-2.183041073017216134e-14,4.793274443543586729e-14,-3.034655998909734810e-14,-1.628657602311533517e-14,-2.280268445624795348e-15,-1.018748709239744920e-14,-1.958490819117361213e-14,-7.825530005894212151e-14,1.653457418583827754e-14,-6.492047849570958279e-14,-1.512662800500809824e-14,4.222543728888320940e-15,4.803383410755534277e-14,-5.838811080719990541e-14,-9.583476923508722985e-15,-2.782260160962350374e-14,-4.664988552626610956e-16,-5.322930621674596084e-14,-1.380556373244989310e-14,-7.182056161937240767e-14,7.204359506575467831e-13,1.281687717478062043e-12,9.246650572100204326e-14,-1.015217371976700320e-14,4.392848859817086139e-14,-2.568638619973771278e-14,2.113418811795373023e-14,3.638315422252084801e-14,-7.462271331135520973e-18,-5.878105247467179487e-15,2.161011648628780206e-14,-4.605166377658508136e-14,1.347426632221103848e-14,4.371729720910509207e-14,-3.836530073198573043e-14,-2.047956257253034369e-14,-6.687467655658884443e-15,-2.598142130939409311e-14,-5.001345987878378946e-15,-3.373056793402031496e-14,-2.050081299831925589e-14,-1.375051158082430914e-15,-3.432712995642561103e-14,4.631746128251194890e-14,-4.933979894721804196e-14,-4.326642060123692342e-14,-3.409581914589091632e-14,-2.286158432838107464e-14
0.000000000000000000e+00,9.703832889075679077e-15,-7.763337298119612908e-15,-5.444204757791507854e-14,5.436953890417251621e-14,4.690103317283877850e-14,-7.045418798600358399e-14,1.197539044090902005e-14,-3.911069431230992329e-14,2.718663309100074658e-14,-4.597542443752049058e-14,-1.892602453524020637e-14,-1.902469959330231735e-16,-6.019789005092649945e-14,-7.396506019170807364e-14,8.367454499888897514e-15,2.169023912395171485e-14,-2.109222171983939333e-14,4.869313571267984631e-15,1.117874681341081155e-14,-2.877959219487006506e-14,-3.654410615690832831e-14,2.030548950373463657e-14,3.836827315122026841e-14,2.397261181479946695e-14,-3.115187585384765804e-15,-7.575606510771893659e-14,-2.829249662221030655e-14,-1.733666233898705521e-14,7.519107765607444618e-15,1.949076817166612444e-14,6.691833508723153362e-16,2.645288125548829523e-14,-2.491961361432114456e-14,5.418301466386020485e-14,-5.911116833145105870e-14,2.304643674560292918e-15,-3.562630971098174580e-14,8.374800100327808613e-14,-2.787636182969087746e-14,1.790900482961205126e-14,-2.597394607251566152e-14,-5.549054244364466574e-14,-1.605273651839556227e-14,-8.013426310279419668e-15,1.811170535850312407e-14,-4.655401819424949769e-14,-1.039685314803785052e-13,2.451035054653440101e-14,3.828799139830419726e-15,-2.982985274398365493e-14,-1.214059010781672362e-14,-4.056247984532568320e-14,3.885604484951124240e-14
-8.227875441505072228e-14,-6.571326934858455466e-15,-4.719354369043822152e-15,1.473053535540559105e-14,2.285893306182336788e-15,1.967425408587761073e-14,-2.339330593815036082e-14,-1.307643363394436399e-14,-7.596775453851091527e-14,-2.243107291485552695e-14,-2.132210488281397474e-14,-5.774210560833959909e-14,-7.742253578797190724e-14,-5.002137143386502743e-15,4.914309742668625904e-14,7.403624152949359461e-15,3.966019485193989690e-14,-2.525571120359336567e-14,8.836055172773059403e-15,6.230254157098066946e-15,1.252556217157209443e-14,-1.452186508849527419e-14,-3.159422895998125985e-14,-4.868666938295741002e-14,-1.313536046175333214e-14,7.008344723243944884e-15,2.072954900223466895e-14,2.410536467732195784e-13,1.329971950861443601e-14,-8.403291644597697329e-15,5.998014295296126541e-14,-8.240681377272128946e-14,5.424241721976047152e-14,-6.389302725718206944e-14,-3.315324012337311863e-14,1.403474778904971126e-14,3.332629407265111053e-14,-4.624415878790667659e-14,2.164708528033856859e-14,2.599883184402167772e-14,-5.186694427251775399e-14,-1.404103598112593388e-14,-8.068906019030893220e-14,7.534148061030457050e-14,3.452598533591366188e-14,-6.092588831062663558e-14,-7.442785052686973541e-15,-5.619335643716617173e-14,-2.002130411559335178e-14,1.255011977655218692e-14,-7.563023234809391274e-15,-1.861063628493035417e-13,-4.352422802469927556e-14,1.291401761794048888e-14
-1.356000183010188020e-13,-2.664660662155534097e-14,1.211360664025860029e-14,1.549510063257268719e-14,3.702725192996195360e-14,8.840550672125597078e-15,-7.272782253759603205e-14,5.916365718722149615e-14,-6.616272024208105290e-15,-5.090721601772430081e-14,-4.577024762181357843e-14,5.536967107026373128e-14,6.093847198418298624e-14,-1.358442658995561273e-14,9.453898996607783162e-15,2.756787733304143260e-14,2.215071459821971738e-14,3.233558972701060979e-14,3.949069911985122507e-14,-9.640481185995094191e-15,-3.648261060512184952e-14,2.732124815354340375e-15,-1.934958986071053860e-14,-1.163536289723607916e-14,2.861410759736332026e-14,2.134789794870448216e-14,-7.331215178447007044e-14,1.259385619995501579e-14,-1.799602824805542887e-14,-8.601729602365806793e-15,4.317989150659175581e-14,-5.059939132225428931e-14,5.454663198977822345e-14,5.423826151161601946e-14,4.120044472539104952e-14,-9.864609580796730944e-14,-2.002653979621356138e-14,-1.529297825690330816e-14,5.168011968876295504e-14,-4.472080337354013938e-14,4.890161955296947963e-14,-4.702197800095049070e-14,-5.619913874107137109e-14,3.014001627554091177e-14,-5.160280494529938353e-14,5.211116627277120976e-14,3.200132377834793911e-15,-9.533350613881170959e-14,-1.700189981557063325e-14,-1.924162219876425261e-14,-8.967975975644855696e-16,-4.178281021406711142e-14,1.750667908862653566e-14,2.673067119494314515e-15
2.208724742582686802e-14,-3.362345742458064268e-14,2.961118416417768205e-15,-3.051130933409071406e-14,1.089426544916492038e-15,4.785952630750742906e-14,-3.642389990952628360e-14,-2.983983854791931429e-14,-3.710425960344432846e-14,1.036969521168783568e-16,-3.851747691532553473e-14,-1.914249051446275878e-14,-1.871385991926068189e-14,1.702172151705916653e-14,2.109393487897910660e-14,1.789973966647633751e-14,8.676535630312069482e-14,8.462229574086142040e-15,2.716760415105711421e-16,1.443401855047530020e-14,-2.938686604328451637e-15,-5.494556125437059663e-14,-1.450110838812387949e-14,-5.374433342841469641e-14,4.113575270609328768e-14,1.087221365130798359e-15,1.022920899444643008e-14,1.659223018088692171e-13,-2.087490629330329716e-14,1.277360843349196616e-14,4.430151464457648174e-14,-1.246445875285683456e-14,5.904884001261230073e-14,-1.053225841328142263e-13,2.538132516272902829e-15,4.983494118309570255e-14,6.423364485840070574e-14,1.725175955139079904e-14,-1.354307104864598573e-14,1.576482777470619096e-15,-2.971474027336861956e-14,3.510738267246128473e-14,-1.402637568149629454e-14,1.279075601136002792e-13,2.933318673962842470e-14,-7.259390062240048915e-14,9.125711324267794585e-15,3.612451928968552264e-14,3.494941451939061129e-14,3.674540856878969441e-15,1.690828063406642274e-14,-2.742279559405129440e-13,-1.259361276798018263e-14,-6.201359682370086356e-15
-1.129806410845524657e-13,-4.213989179755452150e-15,-2.120842688214098224e-14,1.206919086999457089e-14,5.040484703160679443e-14,-2.290878571326974605e-15,-7.930671062454783432e-14,-4.121195591311478097e-14,2.097681399835683926e-14,-9.340051547391586314e-14,5.080280474217950418e-16,7.097126655124530869e-14,2.982172172750722817e-14,3.553265720374073338e-15,5.065713127737397138e-14,-9.717522013750036301e-15,2.781607254036055551e-14,-2.770213112031260601e-14,4.955373405815504756e-15,-8.010199042314649689e-15,-3.959400818740167299e-14,4.804251371016820396e-14,-4.053932477716344722e-14,-3.400254647910071369e-14,-6.147887112705134525e-15,-9.963597868928843659e-15,-5.411217781205636241e-16,1.836325025259588911e-14,3.199032844750764642e-15,1.183376171727305627e-15,2.655125456329736211e-14,3.913385221073197483e-15,5.615905896993716374e-14,2.837034986520759272e-14,-5.733631356129760635e-15,-2.671831404930502078e-14,-1.447885898678346476e-15,2.922157899607903354e-14,-2.221701449590517772e-14,7.592484141140989393e-15,4.473957654838274302e-14,-1.134760416965825212e-14,-6.630561041783814422e-14,3.653747296938582478e-14,6.705211479422137296e-14,3.444120613531788660e-14,1.201067076942652163e-14,2.571392297088884488e-15,-1.732775513566493229e-14,3.336649460222683514e-14,-4.886961817389783927e-14,-1.672157269738902303e-14,-9.815926567318375785e-17,-5.975540012433319780e-14
8.253298825942846198e-15,-2.677013140871422846e-14,2.021673152777391772e-14,-9.874625677753114377e-15,3.470564642250639024e-14,-6.735353161296408316e-14,-8.970387296756429474e-15,-1.390677321790815977e-14,5.199958183620740176e-14,2.615238419780964645e-14,1.254721616615411562e-14,1.293144016805604411e-14,-7.988621174531812607e-14,-6.073597404948337104e-14,-1.885050912696701093e-14,9.450280142233792355e-15,4.030838499677887378e-14,5.280492703232130613e-14,-3.974921243238351407e-14,-1.405412105977274129e-15,-7.326347880262782827e-14,-8.896022750952801329e-17,3.497545424017674745e-15,5.874359738636249920e-15,6.723203823675513754e-14,2.074393014065584100e-14,-1.453813574848832792e-14,3.989483678922292411e-14,-1.477514539909027725e-14,-5.288628549774255675e-14,-5.962651520243027544e-14,5.098103870482197859e-14,-3.989093878450412355e-14,-6.865291697583248400e-14,1.390706302049008720e-14,-4.684232966157260931e-14,7.448344375066532703e-14,-2.764052136341175743e-14,-5.084357002358026608e-14,6.949772505286664938e-14,-1.825212204662307509e-14,3.054100458445009122e-14,2.240220499026188302e-14,-1.836221109374464348e-15,-2.045417242716701311e-14,-9.456778792982060069e-14,-1.219184206785478836e-14,3.425067462746179194e-14,3.142601202133148368e-14,-2.801796263952162540e-15,1.143402381304843589e-14,-1.204861668190284565e-13,-1.701682427521573561e-14,-9.674292695320690077e-14
-5.200698165138351033e-15,-4.717598676648253452e-14,-1.953606004059635416e-14,2.551009750823011342e-16,4.385586480008370305e-14,-2.020231224948497509e-14,4.871869911430820169e-15,-7.116869199665864712e-14,7.155047263767579998e-14,-5.928870982278100704e-14,3.464645544440325450e-14,4.605768211336385182e-14,5.874309562488699208e-14,-1.295431412829828869e-14,6.353653459985003339e-15,5.003619211251958373e-14,1.262121555136354570e-14,-3.209200335054222455e-14,-1.498489020943647680e-14,7.586752678967186997e-15,-3.691186672779618197e-14,4.020230780000551836e-14,-6.027548946248257297e-15,2.336588561426628908e-14,3.385005565665120740e-15,3.963351304303078075e-14,5.604705718928040083e-14,3.514615983222928225e-14,1.865363964036350315e-14,1.259624354880740393e-14,5.924389254984994435e-15,1.258226237167871191e-16,-4.618355846228142210e-14,-9.888969259260393727e-14,-6.166272635363513642e-14,-8.080623432026574318e-15,2.996859610757796292e-14,4.012229388639835683e-14,-1.301205437977391295e-14,4.539799538608853471e-14,4.775129759129290826e-15,2.964060982929328741e-14,-2.929805649915305219e-14,-6.746397943505495627e-15,5.703253875329090983e-14,-1.579111593166848228e-15,-7.694266259863235987e-14,3.050544817406651314e-14,1.034284682271817823e-14,7.645347072444027568e-15,-2.429470699578659101e-14,4.867476027693995537e-14,5.178862142526230014e-14,3.340569222524460199e-14
-3.490498583552415466e-14,6.008251251078512812e-15,-1.814263948173711924e-14,-8.254106103282559961e-14,2.009690251070844282e-14,-9.829184245468863394e-14,4.288452763440534949e-14,4.408764775737761694e-14,4.420806975723535389e-14,-1.989077184100931680e-14,2.709438835835402907e-14,-1.719801336622994357e-14,-5.293882742313879479e-14,-6.764263997791811148e-15,-2.514729472158572084e-14,3.638127658515771067e-14,1.961438882922664950e-14,-4.980336356834165356e-15,-8.005347309435759329e-14,7.305529476671673867e-15,-4.823417718994084853e-14,5.970748361646141038e-14,1.511876765793808854e-14,9.653683394129350482e-15,-1.337822067482492471e-14,3.569060294407059725e-14,5.891661743519688512e-17,-1.951721622607504735e-14,1.052487621646099627e-14,-2.666825512440099511e-14,-6.851220099017943065e-14,3.958808289800675007e-14,-1.868936240883353663e-14,2.721426221228796817e-15,4.480027076140060441e-14,-4.446490603091134506e-14,4.781781979651202280e-14,-3.086455996635569450e-14,-2.684056234737345647e-14,2.272212515306061384e-14,1.631524427216608233e-14,3.207441213465868364e-15,8.413897927583282895e-15,-1.609065857468454685e-14,-2.240909149995543761e-14,-3.521208416566723284e-14,-1.046042971634012549e-15,-4.105033144096118238e-14,3.400976732445979922e-14,4.103238426764172044e-14,2.028923549353448650e-14,5.102362787005682792e-14,5.266760430424912369e-15,-4.794455168262004977e-14
-7.164767061350803685e-14,-1.019263142762776259e-14,-2.747677565362445136e-14,-3.823736822348898059e-14,-6.383528054188190983e-14,-2.201321612591594944e-14,-2.884693110969567969e-14,-3.000012324831985235e-14,-2.916547197389836110e-15,1.136559223210138952e-14,7.359467739344340690e-14,-1.098753418170586410e-14,4.168855440046225212e-14,-5.111511263300548151e-15,8.368107060194925900e-15,9.437187222519345637e-14,7.143821835525083819e-15,1.130202871024616148e-14,6.685348934276664890e-15,-1.710089298134784217e-15,-4.349292989402088765e-15,-2.198820265339536120e-14,4.832381657079838582e-14,4.587684990797794282e-15,2.868150169030768418e-14,8.804875336119594920e-14,4.480577479541484762e-14,3.197230876930906600e-14,2.144814719026435376e-14,5.491303926329981930e-14,3.606560773595689532e-14,1.932267568311404522e-14,-3.652155966640388313e-14,-8.290764309300060303e-14,2.948565257713164429e-14,5.253451823767987673e-14,-4.086080252294451917e-15,2.030241249436397738e-14,-2.372586469730202636e-14,6.984836961430741595e-14,1.662676282782507725e-14,-7.320745809847280130e-15,-3.066237586989202885e-14,7.560603262901267938e-15,-4.900234826789886691e-14,2.684097994130962523e-14,-3.539401502334388130e-14,-2.736279549503792099e-14,3.284227443093645154e-14,-6.020185456022662930e-14,7.861591425796125284e-15,2.688179203065305589e-14,1.219012219548507618e-13,6.368396159357496739e-14
3.959600815246279595e-14,-1.741745835904179267e-14,-2.718454862304126921e-14,-7.045644942879395215e-14,-7.502111122293296330e-14,-1.132282060601232661e-14,-2.246551907964807339e-15,1.357054382273121230e-14,-2.823278371726576761e-14,-7.156259542652604091e-14,-4.069113615868928421e-14,1.944325341937165802e-14,3.090326443572133714e-14,3.376724755399210264e-16,-4.101329498300923001e-15,6.239343037456646550e-15,-1.320353309170513038e-14,-2.865234558405449287e-14,-4.089011933912397039e-14,-1.056549773524987309e-14,2.735022591677334378e-15,2.486650416150828993e-14,5.813786212795133180e-14,-3.353054117034194805e-14,-5.889682495868632326e-14,1.973293939703835824e-15,-1.567621510999365820e-14,-1.194546242853210203e-14,-2.112103240624778106e-14,3.704277394093803914e-14,-3.036803364284615481e-14,2.779633710352395417e-14,8.048062144913850862e-14,-6.035018346252722457e-14,5.152516553175235693e-14,7.334086753327868870e-14,-6.284500800049567399e-15,2.241122177981584852e-14,3.535092588996374422e-15,-1.504788374187884146e-13,-2.091035626313427210e-14,-5.997059924393155182e-14,-2.025144377630057455e-14,3.728651010239556713e-14,-1.740111559991800722e-14,-7.186575817947212033e-15,2.331760563396881193e-14,3.561706756439610251e-14,-2.501999756393980402e-15,3.420182722451522323e-14,1.170035486437925956e-14,3.465153148288007256e-14,-1.395936662465225994e-14,1.574470894874502544e-17
1.021274340024855783e-13,2.603953264866983777e-14,-4.611444386119899606e-14,-3.936425313374118710e-14,-9.010782937909623364e-14,-3.908319572364694312e-14,-3.625591388336636489e-14,3.707974471302515698e-14,-2.178254536123250895e-14,5.909401149875877874e-14,5.562448278293860910e-15,-2.660145309022809462e-14,1.681785647887960506e-14,-8.624404844660087601e-14,3.929960284593370063e-14,4.210038327759698352e-14,-3.597356227862934425e-14,1.006770050517028804e-14,7.939258249977517023e-14,1.696061570539254652e-14,5.679576799958825236e-14,7.717398366286696657e-14,4.172095341322534914e-15,2.222032746376502166e-14,-9.302184438026194294e-15,2.840819365345257042e-14,-4.715796118050089729e-14,-8.625668233131140159e-14,-3.600790686287448053e-14,5.302650802812893696e-14,1.397318510385922456e-14,-2.451541987683423208e-14,-1.563352704670535988e-14,1.361390072698151019e-15,1.144285897865505775e-14,1.782231997998704894e-14,-1.901191028965289260e-14,-4.966475370304717955e-14,-8.253171454400829707e-14,2.074478100912579148e-14,-1.287625042234773925e-14,-4.099195722441469450e-14,-3.140863700275569433e-14,-2.111427610901751113e-14,-1.766779539112987572e-14,1.393110695615225504e-14,-3.225702204055812159e-14,-6.505396767093712723e-14,7.493660437070000490e-15,-4.777267787137569794e-14,3.441475658733812985e-14,-9.401972499123365258e-15,3.908566795346464507e-14,-9.254693203482349876e-15
-1.949646065583254128e-14,-2.889938961923700238e-14,1.744010652509005827e-15,-3.333604644909897260e-14,-5.050037226677375159e-14,3.064931632411306150e-14,-3.801740835724812945e-14,-2.179867523970245539e-15,-3.566058719416260721e-15,-1.979165206142630713e-14,5.168232634647238410e-14,-3.008950933550318147e-14,-1.034243353254278788e-14,-3.752620978660591144e-14,-8.843726705871456651e-15,-6.701067495428743674e-14,-7.709257846255508178e-15,4.918360462850375912e-14,-3.075326335913393336e-15,-1.043034964601821791e-14,-1.630769246092462119e-15,-1.020644713118509839e-14,2.118953071731594975e-14,9.031310066563144694e-14,-8.196405297419794480e-14,3.257139510843398172e-14,-6.750533610916412578e-14,-3.695720583959018284e-14,-5.009849915376598056e-14,2.839335889262900731e-14,-2.058083579149819056e-14,3.979487347833203238e-14,1.945364072141457845e-14,-4.939605395864055929e-14,-9.752370287076904603e-15,3.348728242018231962e-14,6.695277846136166184e-15,-2.828926740819295272e-14,2.152229077910394588e-14,-2.692951798541091073e-13,-4.096696446565215858e-14,-8.754191669515568466e-14,-7.619487920876830597e-15,1.532089767678963327e-14,-3.714097442357158166e-14,9.153547750908096659e-14,-2.830095693797255611e-14,7.805561623569153631e-14,-4.672863410020362378e-14,-2.614693881265340765e-14,2.531528533682226205e-15,-3.779327694049943338e-14,-2.679182535901990875e-15,-2.518361331829340593e-14
6.712509426503715764e-14,3.131037617085493715e-14,-1.895982338610706993e-14,2.981586475195697539e-14,-2.998352997581026578e-14,-2.934244393826111989e-14,2.900654158546555208e-14,1.979730033808708645e-14,-1.834393990748058935e-14,1.583791422596453811e-14,2.347318353978551611e-14,-2.867591713250535802e-14,3.984069488639124854e-14,-9.734937730979702599e-14,8.045382794468018159e-14,1.034204131940482188e-14,-5.365976688930110515e-14,3.895853718483538376e-16,9.846589081066657695e-14,4.904362180896872651e-14,3.248453233952232155e-14,1.353537883532756659e-13,-4.434718222499742843e-14,-7.662658371427476992e-15,-4.427920138816599493e-14,-2.700085704533431732e-14,2.379540881930618112e-14,3.406390767014410338e-14,2.104939417292209175e-14,-2.053389769758473259e-14,-9.593074603547814072e-17,-1.778976779343170109e-14,-2.331222196637454953e-14,7.271665699201327629e-14,-1.713912183809447215e-14,-7.183640698262478622e-14,-1.768743917343855937e-15,-7.452951339485616444e-15,3.044954154931518776e-14,-2.287673778577548721e-14,-2.809138357707046748e-14,-1.891980194210212256e-14,-4.004910099131412524e-14,-1.189644176576991658e-14,7.014532483307411561e-14,-3.371445622966896543e-14,-5.170768385202734118e-14,4.064816858772670388e-14,-4.367797948930297424e-14,-3.889190862893500383e-14,2.329147742093803454e-14,2.756580589845726624e-14,2.965752036999512790e-14,-2.653141731522029691e-14
-4.140289037553620304e-15,-6.819708773719597457e-15,-3.701909639055139152e-14,2.566736252397298058e-15,3.879491187218362890e-14,3.308404446410002278e-14,-6.942888526120082542e-14,-2.425828641245160205e-15,1.485663001702931458e-16,-3.247486587864924751e-15,8.223366788898133539e-14,-3.053638266031418725e-14,1.684500978837761880e-14,6.994133706332098963e-15,-3.012701135956296256e-15,-1.924365795670470354e-14,3.301056518563893431e-14,4.365621475676291262e-14,6.552367538643593967e-15,-1.396249060787735605e-14,2.171908343276510940e-14,1.792178288372126059e-14,-1.239065892464549248e-14,8.934100037008165890e-14,-3.208539413334336346e-15,8.280508614619876230e-14,-4.545750482250079705e-14,1.224749932887969174e-14,-2.550684219290495715e-14,4.240876330255800244e-14,5.442997884585186368e-14,-3.597064775442535395e-14,-3.661552417018423597e-14,1.258759646690662395e-13,-2.436088815740831510e-14,-4.031961041948103795e-15,-1.328742078988937481e-14,-6.433256655551172921e-15,8.606683493636913655e-15,-1.281263955627972293e-13,-1.129534977278180524e-14,1.634372037776449637e-14,1.651222226494713716e-14,5.123562870147535853e-14,-4.018473119918660777e-14,4.722044712298398440e-14,1.743487253815366590e-14,4.420375800346832382e-15,-2.539373942804118268e-15,-3.149771684345057695e-15,2.289864379733931119e-14,-1.905066889375216897e-14,-2.559519229548627089e-14,-8.717068036309744009e-15
5.177710631610432560e-14,7.270337447389301149e-14,-3.101067606289405926e-14,5.973588132182625367e-14,-1.846672933219421615e-14,-4.255022739589471978e-14,-4.124861604838131662e-14,-6.086614313463084274e-14,-3.064143485680120032e-14,-1.263732393556393151e-14,5.637596063466452684e-14,2.145358045129697897e-14,1.413032841901183938e-14,-1.181378551975572354e-14,4.986892132471780941e-14,-3.545556123914413284e-15,-3.414274375759820729e-14,4.622809784992562217e-14,7.630673264303279790e-14,2.620652194622065195e-14,-4.743543743091505538e-15,7.022904169169999671e-14,3.596337485159682051e-14,-1.173069811531029748e-14,2.709513492646961045e-14,4.036192610695563412e-14,5.341074077854810355e-14,1.016780643893791398e-13,-1.128190024624283194e-15,-3.515031547759577958e-14,1.419526231881615153e-14,4.192424491890494011e-14,-7.224461571569660488e-14,6.400165496798135116e-14,9.664244196427571865e-15,3.679451140287199066e-15,2.191265027617344791e-14,-1.646484470692626450e-15,4.903498706461618860e-14,-5.202785898237948602e-14,-3.569462802583764675e-14,7.049018017975078335e-14,-5.978914452520953592e-14,-8.340620688903774220e-14,-7.963495817846879981e-15,-2.911625574479691358e-14,-1.942183350896315638e-14,3.533243751610635528e-14,-4.665483002225995560e-15,-6.753294819809035996e-14,-8.633539904908938121e-15,1.854376854896271165e-14,6.166367605828757555e-14,-5.212176015729383623e-14
-6.131066960248342136e-14,-2.311315365365680951e-14,-6.277333848081646357e-14,1.431167717171608208e-15,7.598931014994059501e-15,7.083768054184593812e-15,-3.354787922413491194e-14,-3.056029051371005479e-14,-2.886602810309995174e-14,5.905653261073946631e-14,3.023901676872403744e-14,2.489203440265687555e-14,2.503374760845247323e-14,-7.598563538795091006e-15,-3.477733792282556485e-14,2.205680683135696869e-14,-1.916007272652594025e-14,-2.685078960029134239e-14,3.548134366066877590e-14,-1.669389018108326335e-14,6.625311537315396146e-14,1.367992035659032857e-14,3.295936578746068962e-14,1.798702025723087192e-14,-6.772564355634827681e-15,5.597001213881125732e-14,-1.091363419418902007e-14,3.266778100931997184e-14,-1.722398029546507317e-14,3.327923162614399022e-14,1.150449523195168127e-14,-2.907958382276357854e-14,-2.966670273397585280e-14,1.655293904754287453e-13,-4.848369269639053209e-15,-4.166865845361358960e-14,-2.376093858110034359e-14,1.820636528921533122e-14,6.089891508774464277e-14,5.575529367979524539e-14,-3.135240741158126287e-14,1.232257071509864237e-14,1.041553337392380365e-15,4.003521110251773456e-14,4.529331234681759661e-14,-6.855325414464468035e-14,7.068667196875765543e-15,-2.085045524681296966e-14,7.339244334176809176e-14,3.924999384869316939e-14,-4.014814566650547299e-15,4.355442643746613406e-14,-3.426207354875512500e-14,-3.745567416362239398e-14
-2.902967728554691500e-14,4.006496311835513465e-14,-9.569630071563806191e-14,-8.581099701397525115e-14,6.315424953702635050e-14,-3.523044041712368508e-14,-9.353217225991704047e-14,-4.995742394578476359e-14,4.806845669000837683e-14,-8.039707659817907500e-15,4.947660664577217072e-14,-3.243449876166619868e-14,-2.674573189832837346e-14,-1.467447710307991561e-14,-1.835463527170154345e-14,2.959245045429160113e-14,-1.696777874200092006e-15,1.545507245243109266e-14,5.256567367952679686e-14,6.683623112731125672e-14,-6.377544558404032801e-14,-4.969628223993552738e-14,1.209192254484455398e-14,7.121878872105893097e-14,1.489594466329049619e-14,8.776516075249060734e-14,-2.278324490105512170e-14,4.774568447858329969e-14,-2.253341548334796676e-14,7.310796217319355787e-14,-2.407940300720950731e-14,4.882257270420124082e-14,-6.021121178398707591e-14,-4.369385051114235630e-14,-3.407838614691543421e-14,6.052499870799199698e-14,5.003003984261865371e-14,-1.039359765149052699e-14,1.519686883086695318e-14,-6.163090871550511994e-14,4.354979939700965341e-15,3.803631596100774959e-14,-1.427891626462106158e-14,-7.458215578756215571e-14,-8.063541111387218243e-14,4.392061619290437290e-14,-6.014184487666791996e-14,-4.028402682959651553e-14,1.352311742959517315e-14,-8.018975689269530561e-15,-6.032653333765500320e-14,4.862472458527486849e-15,-4.029356648681765735e-14,4.855257964821243472e-14
-1.251196908134169651e-13,-4.328457163345808705e-14,1.148588692182902300e-13,1.395987482413482139e-01,-3.051668774748912880e-14,-2.124635114899851583e-14,5.681260165473556036e-14,-3.231581806665262824e-14,1.444403599147158555e-14,-5.803759916503976843e-14,-3.665571609004532941e-14,2.020891144237478390e-14,5.384314483728746334e-14,-1.795273488848019009e-14,1.146305901274626376e-14,-1.262149732889144155e-14,-5.111458737786381540e-14,1.745575796863204325e-14,7.641422825467614059e-14,4.494762957994038847e-14,3.427360833645076875e-14,-1.921044337805399059e-14,2.135039531065977648e-15,3.398680043638235716e-14,-5.961769313338801842e-14,-4.044486472551080931e-15,1.256189161863901062e-14,-7.558916691898273678e-14,-7.712676468854722639e-16,7.922016481071469788e-14,-4.525864961648778416e-14,4.825854614972664305e-14,-3.034661986893788644e-14,6.869082426732437336e-14,5.524029308484134427e-14,-4.057397669856612665e-14,1.077642241697397498e-14,4.026863208667945110e-14,1.962735312616155031e-14,7.229580344061588268e-14,-3.942424522407290787e-14,6.152952754644077221e-15,2.054807300670922855e-14,1.963498154947211393e-15,4.638259233825499291e-14,1.073923588733047625e-14,-2.694296168401641586e-14,6.976756029265423096e-14,-9.540553947434923379e-15,7.795155620964359342e-14,-2.533129372542945351e-14,3.655529155829833843e-14,-2.834703024328194556e-15,-1.311875329788557729e-14
1.137650073563650821e+01,7.070972131316411464e-13,2.329614511566556079e+00,4.045073892133660420e-01,1.112659715168280675e-13,2.237198531775507161e-14,-3.012284212520681312e-15,-6.431801349355233554e-14,8.168684238452358785e-14,-7.699847654298489172e-15,-5.865389571153002766e-15,-1.610676781188604644e-16,-1.436809497426777559e-14,-7.381608776722093491e-14,1.145542859293086785e-14,3.238303047931460793e-15,3.160838119138604761e-14,-7.392791801507579101e-14,-7.776348489664678767e-14,3.921020571770167443e-14,-7.263865838643831547e-14,-4.531799109248861320e-14,-1.300181284135593044e-14,1.879728762810154335e-14,-6.370776591723704206e-14,6.669471178645669228e-14,-2.975559753890228252e-14,1.210861483695790156e-14,-2.646378507610951801e-15,4.970100489497268837e-14,-6.865696692775427987e-14,3.153577271258524586e-15,1.124943169673425227e-14,-7.436502071734223597e-14,-6.207364467973412329e-14,1.758123119051024796e-14,-7.074300556794717896e-14,-6.218846589222087194e-14,9.961458287100941172e-15,-5.813815552062375197e-14,-1.586306603811370573e-14,-8.528529974534147113e-14,5.249007360393715107e-15,5.437953096148319118e-14,-8.561709985890882909e-14,6.464300218465460932e-14,-3.643130696647857431e-14,-6.131425325902884334e-14,1.946230377180095372e-14,6.176202752634339575e-14,-2.441566984878843609e-14,-3.495030066748732955e-14,8.845964875070025393e-14,3.265729641732970014e-13
