-2.620851039886474609e+00,-2.024920940399169922e+00,-1.421218395233154297e+00,-1.151604413986206055e+00,-1.402068138122558594e+00,-2.004731655120849609e+00,-2.544384002685546875e+00,-2.740782022476196289e+00,-2.635508537292480469e+00,-2.374106645584106445e+00,-1.972569942474365234e+00,-1.388880133628845215e+00,-6.600403785705566406e-01,1.659030318260192871e-01,1.103553771972656250e+00,2.099491119384765625e+00,2.948368310928344727e+00,3.490957736968994141e+00,3.799733400344848633e+00,4.020387649536132812e+00,4.126078128814697266e+00,4.003232955932617188e+00,3.714233160018920898e+00,3.483783721923828125e+00,3.434801101684570312e+00,3.497202396392822266e+00,3.587606906890869141e+00,3.737432479858398438e+00,4.003734111785888672e+00,4.352933406829833984e+00,4.676603317260742188e+00,4.864711284637451172e+00,4.843596458435058594e+00,4.594533443450927734e+00,4.163338661193847656e+00,3.637441396713256836e+00,3.115176200866699219e+00,2.700608491897583008e+00,2.486245393753051758e+00,2.489644050598144531e+00,2.596640825271606445e+00,2.576887607574462891e+00,2.179389715194702148e+00,1.287012338638305664e+00,5.295623466372489929e-02,-1.143523812294006348e+00,-1.970707774162292480e+00,-2.391090869903564453e+00,-2.594873189926147461e+00,-2.733988285064697266e+00,-2.813963890075683594e+00,-2.799503087997436523e+00,-2.676180601119995117e+00,-2.402573823928833008e+00
-2.479279041290283203e+00,-2.141743898391723633e+00,-1.996859669685363770e+00,-2.173956394195556641e+00,-2.578449964523315430e+00,-2.968190670013427734e+00,-3.162583827972412109e+00,-3.167864084243774414e+00,-3.091541051864624023e+00,-2.959630966186523438e+00,-2.673801660537719727e+00,-2.154286146163940430e+00,-1.440804958343505859e+00,-6.053054332733154297e-01,3.364162147045135498e-01,1.330451130867004395e+00,2.196763515472412109e+00,2.782968521118164062e+00,3.150542736053466797e+00,3.447906017303466797e+00,3.639895200729370117e+00,3.557144165039062500e+00,3.218190431594848633e+00,2.902813196182250977e+00,2.849813461303710938e+00,3.042953729629516602e+00,3.347158670425415039e+00,3.687510490417480469e+00,4.011488914489746094e+00,4.227019309997558594e+00,4.297861576080322266e+00,4.317790985107421875e+00,4.409460544586181641e+00,4.606575489044189453e+00,4.858507633209228516e+00,5.065060138702392578e+00,5.109313964843750000e+00,4.982787609100341797e+00,4.868364810943603516e+00,4.910632610321044922e+00,4.866750240325927734e+00,4.209596633911132812e+00,2.711627244949340820e+00,7.742177248001098633e-01,-9.495798945426940918e-01,-2.124459266662597656e+00,-2.811578989028930664e+00,-3.162126541137695312e+00,-3.262997150421142578e+00,-3.218702793121337891e+00,-3.152922868728637695e+00,-3.075353384017944336e+00,-2.866848230361938477e+00,-2.443412780761718750e+00
-1.799491286277770996e+00,-1.870072722434997559e+00,-2.284353494644165039e+00,-2.784973382949829102e+00,-3.045398235321044922e+00,-3.006222009658813477e+00,-2.873321294784545898e+00,-2.804815769195556641e+00,-2.747820854187011719e+00,-2.572302579879760742e+00,-2.193116426467895508e+00,-1.548360347747802734e+00,-6.491185426712036133e-01,2.915120720863342285e-01,9.521138072013854980e-01,1.215582609176635742e+00,1.269454836845397949e+00,1.342976808547973633e+00,1.480112671852111816e+00,1.624376773834228516e+00,1.764689803123474121e+00,1.896864771842956543e+00,1.973337650299072266e+00,2.007105350494384766e+00,2.130774021148681641e+00,2.448005914688110352e+00,2.895545005798339844e+00,3.327427864074707031e+00,3.660892486572265625e+00,3.882538080215454102e+00,4.019997596740722656e+00,4.199131011962890625e+00,4.618679523468017578e+00,5.318619251251220703e+00,6.014378547668457031e+00,6.307998180389404297e+00,6.093734264373779297e+00,5.660464286804199219e+00,5.333704471588134766e+00,5.057457923889160156e+00,4.407270431518554688e+00,3.054726839065551758e+00,1.184231758117675781e+00,-6.179374456405639648e-01,-1.885132193565368652e+00,-2.599112272262573242e+00,-2.999721050262451172e+00,-3.229256391525268555e+00,-3.284996509552001953e+00,-3.202391147613525391e+00,-3.085490703582763672e+00,-2.963585853576660156e+00,-2.770522832870483398e+00,-2.487249612808227539e+00
-1.787368655204772949e+00,-2.363522052764892578e+00,-2.973313093185424805e+00,-3.225638151168823242e+00,-3.037359714508056641e+00,-2.591048479080200195e+00,-2.091989994049072266e+00,-1.618332505226135254e+00,-1.142976284027099609e+00,-6.066417098045349121e-01,4.517902433872222900e-02,8.083790540695190430e-01,1.516562700271606445e+00,1.844648957252502441e+00,1.569637894630432129e+00,8.687239885330200195e-01,2.274646162986755371e-01,-2.357903495430946350e-02,2.939406409859657288e-02,1.495838165283203125e-01,3.108191788196563721e-01,6.332828402519226074e-01,1.087693691253662109e+00,1.495191335678100586e+00,1.801811337471008301e+00,2.158736467361450195e+00,2.701174020767211914e+00,3.387442350387573242e+00,4.090197563171386719e+00,4.747955799102783203e+00,5.400499820709228516e+00,6.115345001220703125e+00,6.830551624298095703e+00,7.224113941192626953e+00,6.881548881530761719e+00,5.761554241180419922e+00,4.401884078979492188e+00,3.448452234268188477e+00,3.004612445831298828e+00,2.631014347076416016e+00,1.948116302490234375e+00,1.006379604339599609e+00,5.717578902840614319e-02,-7.749361991882324219e-01,-1.482956409454345703e+00,-2.039715528488159180e+00,-2.416881084442138672e+00,-2.639214515686035156e+00,-2.725052833557128906e+00,-2.660027742385864258e+00,-2.493048191070556641e+00,-2.356202363967895508e+00,-2.317505836486816406e+00,-2.304133176803588867e+00
-2.155171394348144531e+00,-2.828210115432739258e+00,-3.175663232803344727e+00,-2.994763612747192383e+00,-2.369499683380126953e+00,-1.457860946655273438e+00,-4.051921963691711426e-01,6.125455498695373535e-01,1.463791131973266602e+00,2.166535615921020508e+00,2.755088090896606445e+00,3.058265924453735352e+00,2.787036895751953125e+00,1.877402782440185547e+00,6.261019706726074219e-01,-5.322926044464111328e-01,-1.295044898986816406e+00,-1.579101204872131348e+00,-1.491094470024108887e+00,-1.229515194892883301e+00,-9.132302999496459961e-01,-5.014805197715759277e-01,4.967579990625381470e-02,6.256832480430603027e-01,1.091703414916992188e+00,1.543256878852844238e+00,2.243446826934814453e+00,3.319603681564331055e+00,4.687848567962646484e+00,6.251935005187988281e+00,7.924197196960449219e+00,9.355920791625976562e+00,9.883296966552734375e+00,8.999766349792480469e+00,6.891841888427734375e+00,4.392963886260986328e+00,2.376549959182739258e+00,1.205673098564147949e+00,7.023501992225646973e-01,5.136661529541015625e-01,4.206445813179016113e-01,3.309371471405029297e-01,1.257114410400390625e-01,-3.288604617118835449e-01,-1.007807254791259766e+00,-1.687036156654357910e+00,-2.140650987625122070e+00,-2.311654806137084961e+00,-2.259520769119262695e+00,-2.052591800689697266e+00,-1.787660241127014160e+00,-1.608193516731262207e+00,-1.586043834686279297e+00,-1.644216418266296387e+00
-2.009051799774169922e+00,-2.424810886383056641e+00,-2.523459911346435547e+00,-2.044830322265625000e+00,-9.584010243415832520e-01,4.046407043933868408e-01,1.574595212936401367e+00,2.321136951446533203e+00,2.757370948791503906e+00,3.061415672302246094e+00,3.158876895904541016e+00,2.755623817443847656e+00,1.698790073394775391e+00,2.358007729053497314e-01,-1.155713081359863281e+00,-2.159908056259155273e+00,-2.762958049774169922e+00,-3.052878618240356445e+00,-3.046947717666625977e+00,-2.761201143264770508e+00,-2.297865629196166992e+00,-1.755984425544738770e+00,-1.139600992202758789e+00,-4.371391534805297852e-01,2.916090786457061768e-01,1.001680731773376465e+00,1.785162925720214844e+00,2.835119009017944336e+00,4.299678325653076172e+00,6.131365776062011719e+00,7.945024013519287109e+00,9.036252021789550781e+00,8.787798881530761719e+00,7.226324558258056641e+00,5.067513942718505859e+00,3.099329471588134766e+00,1.632357835769653320e+00,6.138895750045776367e-01,1.987701281905174255e-02,-1.349247097969055176e-01,-4.874105006456375122e-02,-8.621861785650253296e-02,-4.431781768798828125e-01,-1.019791960716247559e+00,-1.611768722534179688e+00,-2.064773559570312500e+00,-2.259879589080810547e+00,-2.135313510894775391e+00,-1.769938111305236816e+00,-1.330814480781555176e+00,-9.206684827804565430e-01,-5.686833262443542480e-01,-3.445392251014709473e-01,-3.470329344272613525e-01
-1.053477644920349121e+00,-1.497838377952575684e+00,-1.497920393943786621e+00,-7.431050539016723633e-01,5.574422478675842285e-01,1.698979616165161133e+00,2.118473529815673828e+00,1.910163640975952148e+00,1.572761416435241699e+00,1.368339896202087402e+00,1.112652420997619629e+00,5.215138196945190430e-01,-4.360924661159515381e-01,-1.532541871070861816e+00,-2.488654375076293945e+00,-3.161181926727294922e+00,-3.595843315124511719e+00,-3.900702953338623047e+00,-4.058558940887451172e+00,-3.936475038528442383e+00,-3.498811721801757812e+00,-2.877627372741699219e+00,-2.162237882614135742e+00,-1.271234512329101562e+00,-1.575193256139755249e-01,1.006363749504089355e+00,2.029500007629394531e+00,2.982127189636230469e+00,4.048537731170654297e+00,5.131183147430419922e+00,5.824475765228271484e+00,5.837777137756347656e+00,5.295159339904785156e+00,4.553650856018066406e+00,3.838650703430175781e+00,3.134611129760742188e+00,2.358906269073486328e+00,1.541146516799926758e+00,8.113351464271545410e-01,2.446777224540710449e-01,-2.367235571146011353e-01,-7.713211178779602051e-01,-1.380894422531127930e+00,-1.936155796051025391e+00,-2.295012712478637695e+00,-2.411443471908569336e+00,-2.306553125381469727e+00,-2.017260551452636719e+00,-1.600565671920776367e+00,-1.113316774368286133e+00,-5.624002814292907715e-01,4.770569875836372375e-02,5.999577045440673828e-01,8.983161449432373047e-01
-5.101536512374877930e-01,-1.132885217666625977e+00,-9.090127348899841309e-01,-4.693897441029548645e-02,7.912808656692504883e-01,1.042239069938659668e+00,6.190792322158813477e-01,-1.295741200447082520e-01,-7.680299282073974609e-01,-1.122125864028930664e+00,-1.343317270278930664e+00,-1.671635866165161133e+00,-2.176168441772460938e+00,-2.726356744766235352e+00,-3.151604890823364258e+00,-3.381431579589843750e+00,-3.458767890930175781e+00,-3.459257364273071289e+00,-3.401717901229858398e+00,-3.239523887634277344e+00,-2.941952705383300781e+00,-2.537312269210815430e+00,-2.030977010726928711e+00,-1.338185548782348633e+00,-3.880555033683776855e-01,7.349191308021545410e-01,1.837188005447387695e+00,2.763659000396728516e+00,3.410902738571166992e+00,3.678640604019165039e+00,3.580351352691650391e+00,3.363397121429443359e+00,3.313977479934692383e+00,3.419540643692016602e+00,3.402066230773925781e+00,3.104352474212646484e+00,2.643230915069580078e+00,2.140398979187011719e+00,1.533416390419006348e+00,7.635831832885742188e-01,-4.859243705868721008e-02,-7.589629292488098145e-01,-1.371416330337524414e+00,-1.906931877136230469e+00,-2.242144823074340820e+00,-2.247246265411376953e+00,-1.989805817604064941e+00,-1.643899202346801758e+00,-1.258387327194213867e+00,-7.445553541183471680e-01,-4.081301018595695496e-02,8.126524090766906738e-01,1.694483757019042969e+00,2.396524190902709961e+00
-1.511729598045349121e+00,-1.885171175003051758e+00,-1.375205039978027344e+00,-6.807125210762023926e-01,-4.619183540344238281e-01,-8.184740543365478516e-01,-1.452968835830688477e+00,-2.068977594375610352e+00,-2.500839710235595703e+00,-2.674115657806396484e+00,-2.634096384048461914e+00,-2.539422512054443359e+00,-2.511413574218750000e+00,-2.532857418060302734e+00,-2.532238245010375977e+00,-2.473778009414672852e+00,-2.328455448150634766e+00,-2.077889919281005859e+00,-1.805024385452270508e+00,-1.663074493408203125e+00,-1.687850832939147949e+00,-1.744923233985900879e+00,-1.709037184715270996e+00,-1.565964818000793457e+00,-1.282153964042663574e+00,-7.411798238754272461e-01,6.570410728454589844e-02,9.100803136825561523e-01,1.532573342323303223e+00,1.906484603881835938e+00,2.174084424972534180e+00,2.386098623275756836e+00,2.442075729370117188e+00,2.273287773132324219e+00,1.973658680915832520e+00,1.727003335952758789e+00,1.650400161743164062e+00,1.702775239944458008e+00,1.710336089134216309e+00,1.489376425743103027e+00,9.699950218200683594e-01,2.130675166845321655e-01,-6.493400931358337402e-01,-1.437605857849121094e+00,-1.935921549797058105e+00,-2.001306772232055664e+00,-1.694202661514282227e+00,-1.222046852111816406e+00,-7.173048257827758789e-01,-1.244157254695892334e-01,6.755682826042175293e-01,1.675268769264221191e+00,2.673702955245971680e+00,3.347881317138671875e+00
-3.057152986526489258e+00,-2.947003602981567383e+00,-2.353445053100585938e+00,-1.823810935020446777e+00,-1.747904658317565918e+00,-2.118806600570678711e+00,-2.629027605056762695e+00,-2.985471963882446289e+00,-3.086154699325561523e+00,-2.928571224212646484e+00,-2.509725570678710938e+00,-1.911759972572326660e+00,-1.380764007568359375e+00,-1.172469139099121094e+00,-1.311930179595947266e+00,-1.579400539398193359e+00,-1.748747706413269043e+00,-1.802489638328552246e+00,-1.899968385696411133e+00,-2.158301353454589844e+00,-2.501209020614624023e+00,-2.747891187667846680e+00,-2.817130565643310547e+00,-2.762286424636840820e+00,-2.596478462219238281e+00,-2.195278644561767578e+00,-1.446585297584533691e+00,-4.216706752777099609e-01,6.688498258590698242e-01,1.601878881454467773e+00,2.157953262329101562e+00,2.153273820877075195e+00,1.622179627418518066e+00,9.020920395851135254e-01,3.854854404926300049e-01,2.255068719387054443e-01,3.825048208236694336e-01,8.220582008361816406e-01,1.446460127830505371e+00,1.911853671073913574e+00,1.805713176727294922e+00,1.074240446090698242e+00,9.934443235397338867e-02,-6.816230416297912598e-01,-1.078834652900695801e+00,-1.093510389328002930e+00,-7.976351976394653320e-01,-3.434574604034423828e-01,1.024556457996368408e-01,5.374498367309570312e-01,1.093286514282226562e+00,1.752572059631347656e+00,2.242888212203979492e+00,2.306098222732543945e+00
-4.401981830596923828e+00,-4.161890983581542969e+00,-3.712024211883544922e+00,-3.251070737838745117e+00,-2.953691005706787109e+00,-2.869082927703857422e+00,-2.834317922592163086e+00,-2.613744735717773438e+00,-2.114266157150268555e+00,-1.395550251007080078e+00,-5.765402913093566895e-01,1.183212623000144958e-01,3.343405723571777344e-01,-1.412454396486282349e-01,-1.079143881797790527e+00,-1.982858419418334961e+00,-2.591488361358642578e+00,-3.042822360992431641e+00,-3.531817674636840820e+00,-4.012407302856445312e+00,-4.305134773254394531e+00,-4.329067707061767578e+00,-4.125676155090332031e+00,-3.756367683410644531e+00,-3.245312452316284180e+00,-2.546300888061523438e+00,-1.549957752227783203e+00,-2.462871819734573364e-01,1.080125689506530762e+00,1.948261141777038574e+00,2.063887357711791992e+00,1.549360275268554688e+00,7.676701545715332031e-01,1.577845960855484009e-02,-5.613335371017456055e-01,-8.666424155235290527e-01,-7.954960465431213379e-01,-3.119563758373260498e-01,4.403980374336242676e-01,1.127925515174865723e+00,1.399787425994873047e+00,1.160678267478942871e+00,6.727359294891357422e-01,3.276697695255279541e-01,3.170703351497650146e-01,5.573543906211853027e-01,8.811810612678527832e-01,1.202994465827941895e+00,1.505106925964355469e+00,1.755729913711547852e+00,1.877078294754028320e+00,1.773656606674194336e+00,1.414938688278198242e+00,9.213709235191345215e-01
-4.649831771850585938e+00,-4.535793781280517578e+00,-4.297842979431152344e+00,-3.918845891952514648e+00,-3.328145980834960938e+00,-2.565442800521850586e+00,-1.764572024345397949e+00,-9.617718458175659180e-01,-7.776112109422683716e-02,8.315542340278625488e-01,1.425431966781616211e+00,1.302230954170227051e+00,3.640494048595428467e-01,-1.073413252830505371e+00,-2.502780675888061523e+00,-3.550154209136962891e+00,-4.153433322906494141e+00,-4.488709926605224609e+00,-4.735555171966552734e+00,-4.913315773010253906e+00,-4.932016372680664062e+00,-4.743332386016845703e+00,-4.387412071228027344e+00,-3.909141778945922852e+00,-3.273137092590332031e+00,-2.374142885208129883e+00,-1.155082941055297852e+00,2.343124300241470337e-01,1.413726449012756348e+00,2.005632638931274414e+00,1.927342653274536133e+00,1.390129804611206055e+00,6.292612552642822266e-01,-2.282986640930175781e-01,-1.020321965217590332e+00,-1.481173753738403320e+00,-1.448834896087646484e+00,-1.025498151779174805e+00,-4.341121017932891846e-01,1.645568609237670898e-01,6.307478547096252441e-01,8.080818057060241699e-01,7.045463919639587402e-01,5.832999944686889648e-01,6.839857101440429688e-01,9.447771310806274414e-01,1.170233368873596191e+00,1.354086399078369141e+00,1.602457642555236816e+00,1.813730597496032715e+00,1.712658286094665527e+00,1.230334520339965820e+00,6.351124644279479980e-01,2.368439435958862305e-01
-4.124749660491943359e+00,-3.977069854736328125e+00,-3.587132930755615234e+00,-2.854345560073852539e+00,-1.812036395072937012e+00,-7.306450605392456055e-01,7.291381806135177612e-02,5.473187565803527832e-01,8.634566664695739746e-01,1.016305923461914062e+00,6.907631754875183105e-01,-3.289144933223724365e-01,-1.786578416824340820e+00,-3.170862197875976562e+00,-4.182556629180908203e+00,-4.820132255554199219e+00,-5.142171859741210938e+00,-5.188677310943603516e+00,-5.085976600646972656e+00,-4.996577262878417969e+00,-4.938192844390869141e+00,-4.795650005340576172e+00,-4.499742507934570312e+00,-4.049767017364501953e+00,-3.378241777420043945e+00,-2.362981557846069336e+00,-1.012944936752319336e+00,4.599381685256958008e-01,1.759646415710449219e+00,2.608117103576660156e+00,2.774383544921875000e+00,2.177493810653686523e+00,1.027147412300109863e+00,-2.278640717267990112e-01,-1.159548640251159668e+00,-1.572114944458007812e+00,-1.512672185897827148e+00,-1.172420382499694824e+00,-7.785354256629943848e-01,-4.876903593540191650e-01,-3.255906403064727783e-01,-2.287966012954711914e-01,-1.300671994686126709e-01,7.834003306925296783e-03,1.952246427536010742e-01,4.101729989051818848e-01,6.168841123580932617e-01,8.078322410583496094e-01,9.812643527984619141e-01,1.067331433296203613e+00,9.601219296455383301e-01,6.653414964675903320e-01,3.383120596408843994e-01,1.239051744341850281e-01
-3.764671564102172852e+00,-3.623858451843261719e+00,-2.846295118331909180e+00,-1.624145984649658203e+00,-5.160369277000427246e-01,5.965643376111984253e-02,1.298022419214248657e-01,-4.369783774018287659e-02,-3.140688240528106689e-01,-7.242295145988464355e-01,-1.346417307853698730e+00,-2.143537521362304688e+00,-2.969891786575317383e+00,-3.674659013748168945e+00,-4.205579757690429688e+00,-4.602795600891113281e+00,-4.895205974578857422e+00,-5.057370662689208984e+00,-5.091658115386962891e+00,-5.077271938323974609e+00,-5.069631099700927734e+00,-4.996052265167236328e+00,-4.718361854553222656e+00,-4.169545650482177734e+00,-3.368692636489868164e+00,-2.325450658798217773e+00,-1.005291581153869629e+00,5.689948797225952148e-01,2.172920465469360352e+00,3.360026359558105469e+00,3.680456399917602539e+00,3.032136917114257812e+00,1.801738381385803223e+00,5.905450582504272461e-01,-2.037563323974609375e-01,-5.263305902481079102e-01,-5.276157855987548828e-01,-4.535358250141143799e-01,-5.855216979980468750e-01,-1.030536055564880371e+00,-1.524872303009033203e+00,-1.649367213249206543e+00,-1.304092049598693848e+00,-7.921853661537170410e-01,-3.884104788303375244e-01,-5.180320143699645996e-02,3.334271907806396484e-01,6.751346588134765625e-01,8.251055479049682617e-01,8.434441685676574707e-01,8.941881656646728516e-01,9.751073718070983887e-01,9.455606341361999512e-01,7.627983093261718750e-01
-1.443184375762939453e+00,-1.486458301544189453e+00,-9.932327866554260254e-01,-5.247469544410705566e-01,-5.902852416038513184e-01,-1.147467374801635742e+00,-1.720095038414001465e+00,-1.963777422904968262e+00,-1.938648939132690430e+00,-1.863343477249145508e+00,-1.858463525772094727e+00,-1.998957753181457520e+00,-2.380939483642578125e+00,-2.988148689270019531e+00,-3.636676788330078125e+00,-4.171833992004394531e+00,-4.603414058685302734e+00,-4.963893413543701172e+00,-5.179762363433837891e+00,-5.190814971923828125e+00,-5.057783603668212891e+00,-4.827577114105224609e+00,-4.411616325378417969e+00,-3.720551729202270508e+00,-2.802492618560791016e+00,-1.714239239692687988e+00,-3.734535574913024902e-01,1.279505252838134766e+00,3.015867710113525391e+00,4.363424777984619141e+00,4.922824859619140625e+00,4.593403816223144531e+00,3.585688114166259766e+00,2.334259510040283203e+00,1.313372492790222168e+00,7.378776073455810547e-01,3.917999565601348877e-01,-1.513094455003738403e-01,-1.082306504249572754e+00,-2.150758743286132812e+00,-2.898787736892700195e+00,-3.064897298812866211e+00,-2.761929512023925781e+00,-2.297882318496704102e+00,-1.860617041587829590e+00,-1.411874294281005859e+00,-8.790215253829956055e-01,-3.445360362529754639e-01,5.600601062178611755e-02,3.618713021278381348e-01,7.572689652442932129e-01,1.298326969146728516e+00,1.803876519203186035e+00,2.065705299377441406e+00
1.334551692008972168e+00,1.389680385589599609e+00,1.186808466911315918e+00,3.484098911285400391e-01,-9.198232889175415039e-01,-2.121631383895874023e+00,-2.845818042755126953e+00,-2.928876638412475586e+00,-2.487817287445068359e+00,-1.871618986129760742e+00,-1.479907989501953125e+00,-1.542613506317138672e+00,-2.037260532379150391e+00,-2.761460542678833008e+00,-3.462527990341186523e+00,-3.970259666442871094e+00,-4.276068210601806641e+00,-4.471449375152587891e+00,-4.598431587219238281e+00,-4.605760574340820312e+00,-4.451312065124511719e+00,-4.159935951232910156e+00,-3.740344524383544922e+00,-3.116283416748046875e+00,-2.189920902252197266e+00,-9.247620701789855957e-01,6.614884734153747559e-01,2.505645513534545898e+00,4.412637233734130859e+00,5.974246025085449219e+00,6.670310974121093750e+00,6.175514698028564453e+00,4.668262958526611328e+00,2.821743965148925781e+00,1.343124032020568848e+00,4.166637659072875977e-01,-3.407321572303771973e-01,-1.323345780372619629e+00,-2.459279775619506836e+00,-3.384717464447021484e+00,-3.929689884185791016e+00,-4.212593078613281250e+00,-4.335444927215576172e+00,-4.242445468902587891e+00,-3.894186496734619141e+00,-3.367910385131835938e+00,-2.739167451858520508e+00,-2.031266212463378906e+00,-1.305520415306091309e+00,-6.236181855201721191e-01,1.087843328714370728e-01,1.064949154853820801e+00,2.196516275405883789e+00,3.183612823486328125e+00
1.059436440467834473e+00,1.798096656799316406e+00,1.931050896644592285e+00,1.353993415832519531e+00,4.173353016376495361e-01,-5.314369797706604004e-01,-1.313854098320007324e+00,-1.798116087913513184e+00,-1.919335365295410156e+00,-1.837280035018920898e+00,-1.856510162353515625e+00,-2.131959915161132812e+00,-2.575053930282592773e+00,-3.036026716232299805e+00,-3.424284458160400391e+00,-3.664103031158447266e+00,-3.717192649841308594e+00,-3.677985429763793945e+00,-3.688152551651000977e+00,-3.725158214569091797e+00,-3.614448785781860352e+00,-3.261274099349975586e+00,-2.712224245071411133e+00,-1.967872858047485352e+00,-9.061135053634643555e-01,5.551677346229553223e-01,2.346052169799804688e+00,4.289949417114257812e+00,6.068698406219482422e+00,7.128099918365478516e+00,6.907192707061767578e+00,5.374002456665039062e+00,3.216844797134399414e+00,1.323488354682922363e+00,9.614147990942001343e-02,-6.565223336219787598e-01,-1.283150792121887207e+00,-1.927368521690368652e+00,-2.563567161560058594e+00,-3.194086790084838867e+00,-3.885236024856567383e+00,-4.629045486450195312e+00,-5.249699592590332031e+00,-5.510704994201660156e+00,-5.326297283172607422e+00,-4.827226161956787109e+00,-4.202074050903320312e+00,-3.531672716140747070e+00,-2.810035705566406250e+00,-2.033071279525756836e+00,-1.168646335601806641e+00,-1.060414165258407593e-01,1.230402946472167969e+00,2.728338241577148438e+00
-7.054347395896911621e-01,8.547309637069702148e-01,2.267373323440551758e+00,3.141893386840820312e+00,3.285694360733032227e+00,2.792431592941284180e+00,1.880903959274291992e+00,7.499247193336486816e-01,-3.954172134399414062e-01,-1.342578291893005371e+00,-2.004595994949340820e+00,-2.475026369094848633e+00,-2.878332376480102539e+00,-3.222903728485107422e+00,-3.440642833709716797e+00,-3.501708745956420898e+00,-3.444902181625366211e+00,-3.341335535049438477e+00,-3.243366241455078125e+00,-3.112157583236694336e+00,-2.792708635330200195e+00,-2.135457038879394531e+00,-1.155547499656677246e+00,1.968577969819307327e-03,1.265526175498962402e+00,2.706776380538940430e+00,4.334096908569335938e+00,5.848731994628906250e+00,6.685287952423095703e+00,6.373552799224853516e+00,4.935027122497558594e+00,2.942949056625366211e+00,1.135288715362548828e+00,-8.037690073251724243e-02,-7.501867413520812988e-01,-1.091680407524108887e+00,-1.254675269126892090e+00,-1.387633919715881348e+00,-1.731054425239562988e+00,-2.458063364028930664e+00,-3.476530313491821289e+00,-4.504543304443359375e+00,-5.292689323425292969e+00,-5.702507495880126953e+00,-5.683898925781250000e+00,-5.317725181579589844e+00,-4.807226657867431641e+00,-4.286302089691162109e+00,-3.682335615158081055e+00,-2.869231939315795898e+00,-1.861732482910156250e+00,-7.200754284858703613e-01,6.372694373130798340e-01,2.334881305694580078e+00
-2.658227682113647461e+00,-7.727920413017272949e-01,1.392396211624145508e+00,3.207010507583618164e+00,4.234619140625000000e+00,4.478323459625244141e+00,4.137989521026611328e+00,3.332344293594360352e+00,2.168119430541992188e+00,8.805858492851257324e-01,-3.019776940345764160e-01,-1.341164231300354004e+00,-2.271270275115966797e+00,-2.985096693038940430e+00,-3.309071540832519531e+00,-3.239945650100708008e+00,-2.951911687850952148e+00,-2.598813533782958984e+00,-2.224303483963012695e+00,-1.808496832847595215e+00,-1.278049468994140625e+00,-5.290988087654113770e-01,4.372189939022064209e-01,1.467223882675170898e+00,2.451434850692749023e+00,3.451422929763793945e+00,4.458219528198242188e+00,5.136339187622070312e+00,5.061795234680175781e+00,4.206795215606689453e+00,2.978999614715576172e+00,1.777653098106384277e+00,7.220482230186462402e-01,-1.600940525531768799e-01,-7.325448393821716309e-01,-8.966138362884521484e-01,-8.106783032417297363e-01,-8.141496181488037109e-01,-1.157801866531372070e+00,-1.861750960350036621e+00,-2.774268150329589844e+00,-3.689018249511718750e+00,-4.426074981689453125e+00,-4.872927665710449219e+00,-4.997279167175292969e+00,-4.842699050903320312e+00,-4.495260238647460938e+00,-3.993325233459472656e+00,-3.244349956512451172e+00,-2.092628240585327148e+00,-5.190077424049377441e-01,1.276906490325927734e+00,3.041932344436645508e+00,4.653427124023437500e+00
-4.769413948059082031e+00,-3.173806905746459961e+00,-1.209073781967163086e+00,7.816620469093322754e-01,2.498888969421386719e+00,3.783946990966796875e+00,4.644202709197998047e+00,5.088400363922119141e+00,4.976356983184814453e+00,4.152498245239257812e+00,2.701789617538452148e+00,9.616819620132446289e-01,-6.909205317497253418e-01,-1.968630909919738770e+00,-2.671244382858276367e+00,-2.745918512344360352e+00,-2.374965190887451172e+00,-1.866135001182556152e+00,-1.399971961975097656e+00,-9.480985403060913086e-01,-4.334305524826049805e-01,1.328340619802474976e-01,6.995736360549926758e-01,1.268831849098205566e+00,1.876465797424316406e+00,2.505891561508178711e+00,3.059362888336181641e+00,3.421337127685546875e+00,3.541936874389648438e+00,3.433505773544311523e+00,3.071758747100830078e+00,2.366853475570678711e+00,1.331817507743835449e+00,2.546625137329101562e-01,-4.437659680843353271e-01,-5.889665484428405762e-01,-4.153040349483489990e-01,-3.236033916473388672e-01,-5.656279921531677246e-01,-1.172908902168273926e+00,-2.033272504806518555e+00,-2.931523799896240234e+00,-3.612522363662719727e+00,-3.921345949172973633e+00,-3.861054420471191406e+00,-3.485722541809082031e+00,-2.801234722137451172e+00,-1.778839111328125000e+00,-3.653673231601715088e-01,1.513865113258361816e+00,3.792489528656005859e+00,6.055726051330566406e+00,7.682543277740478516e+00,8.307032585144042969e+00
-6.067812442779541016e+00,-4.935350418090820312e+00,-3.440964698791503906e+00,-1.742236495018005371e+00,-2.763942629098892212e-02,1.583032250404357910e+00,3.132661342620849609e+00,4.641812801361083984e+00,5.832511425018310547e+00,6.236793518066406250e+00,5.649971485137939453e+00,4.342627525329589844e+00,2.792003154754638672e+00,1.358509302139282227e+00,2.474412024021148682e-01,-4.430155754089355469e-01,-7.800531983375549316e-01,-9.633175134658813477e-01,-1.104305624961853027e+00,-1.128960251808166504e+00,-9.653767943382263184e-01,-6.859749555587768555e-01,-3.683807849884033203e-01,4.138636589050292969e-02,6.119245886802673340e-01,1.302573442459106445e+00,2.066096067428588867e+00,2.921227216720581055e+00,3.763957262039184570e+00,4.235607147216796875e+00,3.987277269363403320e+00,3.050582408905029297e+00,1.827881097793579102e+00,7.744548916816711426e-01,1.846367269754409790e-01,1.486130505800247192e-01,4.883451759815216064e-01,7.522189021110534668e-01,4.858905673027038574e-01,-3.911357223987579346e-01,-1.522471785545349121e+00,-2.417244434356689453e+00,-2.756781101226806641e+00,-2.463268518447875977e+00,-1.615580439567565918e+00,-3.439520597457885742e-01,1.265467643737792969e+00,3.199646711349487305e+00,5.412654876708984375e+00,7.666794300079345703e+00,9.506370544433593750e+00,1.042925834655761719e+01,1.013709449768066406e+01,8.687009811401367188e+00
-6.209051609039306641e+00,-5.195257186889648438e+00,-3.961995840072631836e+00,-2.817795753479003906e+00,-1.791733384132385254e+00,-6.539079546928405762e-01,8.401601910591125488e-01,2.743375301361083984e+00,4.808458805084228516e+00,6.505558013916015625e+00,7.298032760620117188e+00,7.053611278533935547e+00,6.133339881896972656e+00,5.001469135284423828e+00,3.837073087692260742e+00,2.599974870681762695e+00,1.332334280014038086e+00,2.202310562133789062e-01,-5.921180844306945801e-01,-1.097128748893737793e+00,-1.338959574699401855e+00,-1.344921708106994629e+00,-1.144419789314270020e+00,-7.620642781257629395e-01,-1.632414907217025757e-01,7.367421984672546387e-01,1.960289597511291504e+00,3.344697475433349609e+00,4.528418064117431641e+00,5.106973171234130859e+00,4.888142585754394531e+00,4.035624504089355469e+00,2.957654953002929688e+00,2.068559408187866211e+00,1.640533208847045898e+00,1.739641666412353516e+00,2.143062353134155273e+00,2.366164684295654297e+00,1.983194112777709961e+00,1.026555418968200684e+00,8.964898064732551575e-03,-4.816811680793762207e-01,-1.737228333950042725e-01,8.375239968299865723e-01,2.282149791717529297e+00,3.935598850250244141e+00,5.743145465850830078e+00,7.723656177520751953e+00,9.661437034606933594e+00,1.095582580566406250e+01,1.096797943115234375e+01,9.556599617004394531e+00,7.153756141662597656e+00,4.337113857269287109e+00
-5.663815498352050781e+00,-4.600354671478271484e+00,-3.488808393478393555e+00,-2.660549879074096680e+00,-2.039112567901611328e+00,-1.273014307022094727e+00,-8.021161705255508423e-02,1.554042100906372070e+00,3.368955135345458984e+00,4.903957366943359375e+00,5.718282699584960938e+00,5.726222991943359375e+00,5.272001743316650391e+00,4.731393337249755859e+00,4.108041763305664062e+00,3.185895442962646484e+00,1.990258097648620605e+00,8.512522578239440918e-01,1.754162274301052094e-02,-5.542008280754089355e-01,-9.840435981750488281e-01,-1.258902907371520996e+00,-1.307182431221008301e+00,-1.092079758644104004e+00,-5.379723906517028809e-01,4.769209921360015869e-01,1.940373301506042480e+00,3.602993488311767578e+00,5.100232124328613281e+00,6.089908123016357422e+00,6.304923057556152344e+00,5.698655128479003906e+00,4.638617515563964844e+00,3.780696868896484375e+00,3.586337566375732422e+00,3.991708517074584961e+00,4.563875675201416016e+00,4.861224651336669922e+00,4.640152454376220703e+00,3.949519872665405273e+00,3.186031103134155273e+00,2.904578208923339844e+00,3.361849784851074219e+00,4.275281429290771484e+00,5.157999515533447266e+00,5.841490745544433594e+00,6.523221969604492188e+00,7.311516284942626953e+00,7.880396366119384766e+00,7.664483547210693359e+00,6.362123489379882812e+00,4.205350399017333984e+00,1.752874612808227539e+00,-5.370234847068786621e-01
-4.911018371582031250e+00,-3.702740669250488281e+00,-2.468199014663696289e+00,-1.510696411132812500e+00,-8.887706995010375977e-01,-3.924827873706817627e-01,2.153641879558563232e-01,8.915615677833557129e-01,1.351454377174377441e+00,1.435123085975646973e+00,1.308895707130432129e+00,1.269068479537963867e+00,1.466134786605834961e+00,1.853034615516662598e+00,2.266776561737060547e+00,2.497183799743652344e+00,2.393546104431152344e+00,1.989243268966674805e+00,1.458310365676879883e+00,9.146519303321838379e-01,3.393571674823760986e-01,-2.628297805786132812e-01,-7.396780848503112793e-01,-8.810276985168457031e-01,-5.495487451553344727e-01,3.233605623245239258e-01,1.760400891304016113e+00,3.630382537841796875e+00,5.528771877288818359e+00,6.875030517578125000e+00,7.246225357055664062e+00,6.715544223785400391e+00,5.899559497833251953e+00,5.590683460235595703e+00,6.202341556549072266e+00,7.482595443725585938e+00,8.727077484130859375e+00,9.255805015563964844e+00,8.781026840209960938e+00,7.529943943023681641e+00,6.119330406188964844e+00,5.159880638122558594e+00,4.791244983673095703e+00,4.624425411224365234e+00,4.233547687530517578e+00,3.624995470046997070e+00,3.102854490280151367e+00,2.778748035430908203e+00,2.417728900909423828e+00,1.744267702102661133e+00,7.148113250732421875e-01,-5.300857424736022949e-01,-1.832701802253723145e+00,-3.103252410888671875e+00
-3.854095697402954102e+00,-2.423556566238403320e+00,-1.107173681259155273e+00,-2.861337959766387939e-01,8.557784603908658028e-04,-9.557792916893959045e-03,-1.269499510526657104e-01,-4.180104434490203857e-01,-1.010835886001586914e+00,-1.743141531944274902e+00,-2.187044620513916016e+00,-2.064669609069824219e+00,-1.474097490310668945e+00,-6.444510817527770996e-01,3.291185796260833740e-01,1.369631648063659668e+00,2.231792926788330078e+00,2.664572715759277344e+00,2.684203863143920898e+00,2.496898651123046875e+00,2.209114551544189453e+00,1.794268250465393066e+00,1.305974483489990234e+00,9.526953697204589844e-01,9.758918285369873047e-01,1.574251055717468262e+00,2.864956140518188477e+00,4.716364383697509766e+00,6.632858753204345703e+00,8.008060455322265625e+00,8.578808784484863281e+00,8.596954345703125000e+00,8.618185043334960938e+00,9.184626579284667969e+00,1.051157283782958984e+01,1.218349742889404297e+01,1.319044399261474609e+01,1.260161304473876953e+01,1.038624382019042969e+01,7.468510150909423828e+00,4.911730289459228516e+00,3.142488241195678711e+00,1.943699955940246582e+00,9.558929204940795898e-01,3.087581321597099304e-02,-7.678634524345397949e-01,-1.316998720169067383e+00,-1.575790286064147949e+00,-1.660767197608947754e+00,-1.790245652198791504e+00,-2.131238460540771484e+00,-2.714125156402587891e+00,-3.491999864578247070e+00,-4.424033164978027344e+00
-3.099381685256958008e+00,-2.009473800659179688e+00,-1.322587132453918457e+00,-1.229807972908020020e+00,-1.484023809432983398e+00,-1.782949805259704590e+00,-2.036399602890014648e+00,-2.278311014175415039e+00,-2.516746520996093750e+00,-2.734401702880859375e+00,-2.915464401245117188e+00,-3.009741067886352539e+00,-2.928429841995239258e+00,-2.591063261032104492e+00,-1.941914200782775879e+00,-9.689828157424926758e-01,2.164777070283889771e-01,1.375076413154602051e+00,2.319797277450561523e+00,3.064614295959472656e+00,3.695666551589965820e+00,4.157478809356689453e+00,4.323095321655273438e+00,4.273276329040527344e+00,4.360512256622314453e+00,4.946153163909912109e+00,6.138260364532470703e+00,7.765710353851318359e+00,9.484446525573730469e+00,1.089409446716308594e+01,1.171581840515136719e+01,1.201298332214355469e+01,1.222021579742431641e+01,1.279790496826171875e+01,1.369874858856201172e+01,1.415098190307617188e+01,1.313063335418701172e+01,1.025905990600585938e+01,6.277121543884277344e+00,2.519982099533081055e+00,-1.219555214047431946e-01,-1.677113771438598633e+00,-2.643150568008422852e+00,-3.339081048965454102e+00,-3.781791687011718750e+00,-3.935899257659912109e+00,-3.836246013641357422e+00,-3.549638986587524414e+00,-3.210766077041625977e+00,-3.062406778335571289e+00,-3.308716058731079102e+00,-3.934379339218139648e+00,-4.757538318634033203e+00,-5.621038436889648438e+00
-3.435358524322509766e+00,-3.034655809402465820e+00,-2.950893163681030273e+00,-3.090162992477416992e+00,-3.256692409515380859e+00,-3.308205127716064453e+00,-3.165166378021240234e+00,-2.803147077560424805e+00,-2.352366447448730469e+00,-2.128530502319335938e+00,-2.389138460159301758e+00,-3.032837152481079102e+00,-3.655957221984863281e+00,-3.917371988296508789e+00,-3.733595848083496094e+00,-3.138338088989257812e+00,-2.151209115982055664e+00,-8.545431494712829590e-01,5.717303156852722168e-01,2.003446817398071289e+00,3.452470779418945312e+00,4.930188655853271484e+00,6.374238014221191406e+00,7.804992198944091797e+00,9.416579246520996094e+00,1.137560176849365234e+01,1.357917881011962891e+01,1.564731121063232422e+01,1.705236244201660156e+01,1.728909683227539062e+01,1.621181869506835938e+01,1.436902141571044922e+01,1.275221061706542969e+01,1.189797306060791016e+01,1.128517246246337891e+01,9.837311744689941406e+00,7.014712333679199219e+00,3.296387434005737305e+00,-3.033684492111206055e-01,-2.984594106674194336e+00,-4.510933399200439453e+00,-5.125797748565673828e+00,-5.265179157257080078e+00,-5.242895603179931641e+00,-5.108678340911865234e+00,-4.793699264526367188e+00,-4.337510108947753906e+00,-3.904910087585449219e+00,-3.643348932266235352e+00,-3.634810447692871094e+00,-3.945007324218750000e+00,-4.582853794097900391e+00,-5.410706043243408203e+00,-6.220929622650146484e+00
-4.326053619384765625e+00,-4.225728511810302734e+00,-3.993347167968750000e+00,-3.655267238616943359e+00,-3.371153831481933594e+00,-3.135826826095581055e+00,-2.774249315261840820e+00,-2.238978624343872070e+00,-1.756633996963500977e+00,-1.641388297080993652e+00,-2.026086568832397461e+00,-2.754183053970336914e+00,-3.470772504806518555e+00,-3.855989694595336914e+00,-3.838178634643554688e+00,-3.560858011245727539e+00,-3.128203153610229492e+00,-2.463868141174316406e+00,-1.446005940437316895e+00,-4.854038357734680176e-02,1.747356176376342773e+00,4.079140186309814453e+00,7.120359897613525391e+00,1.092170047760009766e+01,1.538014316558837891e+01,2.019643592834472656e+01,2.465876197814941406e+01,2.755976486206054688e+01,2.768914604187011719e+01,2.471581077575683594e+01,1.964784240722656250e+01,1.430222129821777344e+01,1.012787914276123047e+01,7.361039638519287109e+00,5.213481903076171875e+00,2.835274696350097656e+00,8.432453870773315430e-02,-2.553886175155639648e+00,-4.575573444366455078e+00,-5.828774929046630859e+00,-6.414804935455322266e+00,-6.501523017883300781e+00,-6.288058280944824219e+00,-5.959419250488281250e+00,-5.567533016204833984e+00,-5.052378654479980469e+00,-4.431107044219970703e+00,-3.867428302764892578e+00,-3.525887727737426758e+00,-3.475342750549316406e+00,-3.759696722030639648e+00,-4.412128925323486328e+00,-5.335323810577392578e+00,-6.304525375366210938e+00
-5.109406948089599609e+00,-4.909985542297363281e+00,-4.445276260375976562e+00,-3.921019315719604492e+00,-3.489763975143432617e+00,-3.099388837814331055e+00,-2.595541000366210938e+00,-1.952817440032958984e+00,-1.354311823844909668e+00,-1.052146792411804199e+00,-1.183181881904602051e+00,-1.675855040550231934e+00,-2.266787528991699219e+00,-2.649718999862670898e+00,-2.703940391540527344e+00,-2.560603618621826172e+00,-2.367435693740844727e+00,-2.029051780700683594e+00,-1.276700258255004883e+00,6.023225933313369751e-02,1.997699499130249023e+00,4.600046634674072266e+00,8.094327926635742188e+00,1.271798801422119141e+01,1.842176818847656250e+01,2.453903007507324219e+01,2.959947204589843750e+01,3.173434638977050781e+01,2.980944252014160156e+01,2.441946411132812500e+01,1.760456848144531250e+01,1.141859054565429688e+01,6.762268066406250000e+00,3.433868408203125000e+00,8.877854943275451660e-01,-1.256498932838439941e+00,-3.146201610565185547e+00,-4.741253376007080078e+00,-5.891768932342529297e+00,-6.517529487609863281e+00,-6.720975399017333984e+00,-6.673894882202148438e+00,-6.462947845458984375e+00,-6.106351852416992188e+00,-5.625991344451904297e+00,-5.024403572082519531e+00,-4.294278144836425781e+00,-3.555032014846801758e+00,-3.095120429992675781e+00,-3.161088228225708008e+00,-3.744693994522094727e+00,-4.646677494049072266e+00,-5.673840045928955078e+00,-6.686620712280273438e+00
-5.519323348999023438e+00,-5.251859664916992188e+00,-4.919058799743652344e+00,-4.611998558044433594e+00,-4.209186077117919922e+00,-3.586356639862060547e+00,-2.707536935806274414e+00,-1.643574357032775879e+00,-6.335256695747375488e-01,-2.630962617695331573e-02,-1.603952981531620026e-02,-4.504116773605346680e-01,-9.521743059158325195e-01,-1.190025806427001953e+00,-1.028195738792419434e+00,-5.207465291023254395e-01,1.857384145259857178e-01,1.018379926681518555e+00,2.074702739715576172e+00,3.476568222045898438e+00,5.155261516571044922e+00,6.964627265930175781e+00,9.057731628417968750e+00,1.191019535064697266e+01,1.570641517639160156e+01,1.970846366882324219e+01,2.243053436279296875e+01,2.260604286193847656e+01,2.009087181091308594e+01,1.592150211334228516e+01,1.154092025756835938e+01,7.894221782684326172e+00,5.102553367614746094e+00,2.807388067245483398e+00,6.756938099861145020e-01,-1.402813076972961426e+00,-3.380485057830810547e+00,-5.103696823120117188e+00,-6.341094017028808594e+00,-6.931180477142333984e+00,-6.945141792297363281e+00,-6.632697105407714844e+00,-6.209968090057373047e+00,-5.755089282989501953e+00,-5.260777473449707031e+00,-4.696817398071289062e+00,-4.068735122680664062e+00,-3.520896673202514648e+00,-3.329871654510498047e+00,-3.662826776504516602e+00,-4.367055416107177734e+00,-5.118836879730224609e+00,-5.750715255737304688e+00,-6.313409805297851562e+00
-5.442909240722656250e+00,-5.255681037902832031e+00,-5.049828529357910156e+00,-4.895374774932861328e+00,-4.604882240295410156e+00,-3.946299552917480469e+00,-2.882877588272094727e+00,-1.625321745872497559e+00,-5.137072801589965820e-01,1.723769903182983398e-01,3.925009071826934814e-01,3.906842768192291260e-01,5.319017767906188965e-01,1.054695367813110352e+00,1.950217366218566895e+00,3.023072004318237305e+00,4.044712543487548828e+00,4.904297828674316406e+00,5.649820804595947266e+00,6.346991062164306641e+00,6.922749042510986328e+00,7.281183242797851562e+00,7.589609622955322266e+00,8.231720924377441406e+00,9.314666748046875000e+00,1.036174774169921875e+01,1.069145774841308594e+01,1.004795455932617188e+01,8.736513137817382812e+00,7.262281894683837891e+00,6.018077373504638672e+00,5.188386440277099609e+00,4.649543285369873047e+00,3.941255807876586914e+00,2.583161830902099609e+00,5.218718647956848145e-01,-1.829872250556945801e+00,-3.971611976623535156e+00,-5.588245391845703125e+00,-6.520279407501220703e+00,-6.742182254791259766e+00,-6.456218242645263672e+00,-6.012332916259765625e+00,-5.614906787872314453e+00,-5.209265232086181641e+00,-4.705269813537597656e+00,-4.182162284851074219e+00,-3.809231042861938477e+00,-3.681555986404418945e+00,-3.798643827438354492e+00,-4.101914882659912109e+00,-4.478502273559570312e+00,-4.835294723510742188e+00,-5.231300354003906250e+00
-4.728470802307128906e+00,-4.450830936431884766e+00,-4.180841922760009766e+00,-4.089369297027587891e+00,-4.004401206970214844e+00,-3.540029764175415039e+00,-2.541203737258911133e+00,-1.252036690711975098e+00,-4.414858669042587280e-02,8.764302134513854980e-01,1.518156766891479492e+00,2.049007892608642578e+00,2.710789203643798828e+00,3.609031677246093750e+00,4.529674053192138672e+00,5.091994285583496094e+00,5.124895095825195312e+00,4.785962104797363281e+00,4.307874679565429688e+00,3.784871816635131836e+00,3.257807731628417969e+00,2.852779626846313477e+00,2.714059829711914062e+00,2.853470563888549805e+00,3.130262851715087891e+00,3.336595296859741211e+00,3.275186061859130859e+00,2.837511062622070312e+00,2.105327606201171875e+00,1.386326432228088379e+00,1.088212847709655762e+00,1.458813190460205078e+00,2.344274520874023438e+00,3.177119016647338867e+00,3.299648523330688477e+00,2.413695573806762695e+00,7.496287226676940918e-01,-1.179477691650390625e+00,-2.926496505737304688e+00,-4.246382713317871094e+00,-5.071001529693603516e+00,-5.485711574554443359e+00,-5.662381649017333984e+00,-5.697352886199951172e+00,-5.532501220703125000e+00,-5.088372707366943359e+00,-4.419758319854736328e+00,-3.690513372421264648e+00,-3.074642419815063477e+00,-2.739545583724975586e+00,-2.819910526275634766e+00,-3.307668447494506836e+00,-4.041862487792968750e+00,-4.885640621185302734e+00
-3.080575466156005859e+00,-2.629366636276245117e+00,-2.379857301712036133e+00,-2.319904565811157227e+00,-2.196836948394775391e+00,-1.636915206909179688e+00,-4.595059156417846680e-01,1.081318736076354980e+00,2.438206434249877930e+00,3.198669433593750000e+00,3.371196031570434570e+00,3.275257825851440430e+00,3.189371585845947266e+00,3.094264745712280273e+00,2.728334903717041016e+00,1.892844080924987793e+00,6.910603642463684082e-01,-5.601202845573425293e-01,-1.609598040580749512e+00,-2.371928453445434570e+00,-2.783586740493774414e+00,-2.724828481674194336e+00,-2.150201082229614258e+00,-1.195951223373413086e+00,-1.191608533263206482e-01,7.621835470199584961e-01,1.067966580390930176e+00,5.169104933738708496e-01,-7.504847049713134766e-01,-2.106288433074951172e+00,-2.826552391052246094e+00,-2.542104244232177734e+00,-1.352794408798217773e+00,2.767974734306335449e-01,1.642844200134277344e+00,2.086958646774291992e+00,1.444160103797912598e+00,1.734954267740249634e-01,-1.104590535163879395e+00,-2.139666795730590820e+00,-3.029053211212158203e+00,-3.839468240737915039e+00,-4.480919361114501953e+00,-4.873903274536132812e+00,-4.999624252319335938e+00,-4.796915531158447266e+00,-4.225137710571289062e+00,-3.463403224945068359e+00,-2.877784013748168945e+00,-2.733530521392822266e+00,-3.035093307495117188e+00,-3.640686750411987305e+00,-4.398054122924804688e+00,-5.156842231750488281e+00
-1.289289116859436035e+00,-3.350951373577117920e-01,3.919149041175842285e-01,1.089727282524108887e+00,1.986998558044433594e+00,3.198080778121948242e+00,4.615285873413085938e+00,5.776071548461914062e+00,6.035278320312500000e+00,5.121714115142822266e+00,3.453655719757080078e+00,1.721289634704589844e+00,2.303322702646255493e-01,-1.178136229515075684e+00,-2.670933723449707031e+00,-4.138540267944335938e+00,-5.355408668518066406e+00,-6.200200557708740234e+00,-6.654578685760498047e+00,-6.722271919250488281e+00,-6.407088279724121094e+00,-5.692253589630126953e+00,-4.536482810974121094e+00,-2.993138790130615234e+00,-1.361102581024169922e+00,-1.336974203586578369e-01,2.614793777465820312e-01,-3.075786828994750977e-01,-1.624082565307617188e+00,-3.195613622665405273e+00,-4.407114028930664062e+00,-4.763716220855712891e+00,-4.145500659942626953e+00,-2.900976419448852539e+00,-1.670393824577331543e+00,-1.001954555511474609e+00,-1.001577615737915039e+00,-1.316719055175781250e+00,-1.511799454689025879e+00,-1.468505024909973145e+00,-1.386368989944458008e+00,-1.454888105392456055e+00,-1.656011462211608887e+00,-1.879970908164978027e+00,-2.081946611404418945e+00,-2.275639533996582031e+00,-2.494753599166870117e+00,-2.817255496978759766e+00,-3.319175720214843750e+00,-3.943977355957031250e+00,-4.508788108825683594e+00,-4.887594699859619141e+00,-5.105863094329833984e+00,-5.242395877838134766e+00
1.037529349327087402e+00,2.989081144332885742e+00,4.721439361572265625e+00,6.302335262298583984e+00,7.872604846954345703e+00,9.256515502929687500e+00,9.899542808532714844e+00,9.229930877685546875e+00,7.118810653686523438e+00,4.046859741210937500e+00,8.311610221862792969e-01,-1.887582421302795410e+00,-3.965109586715698242e+00,-5.604299545288085938e+00,-6.959051132202148438e+00,-7.967469215393066406e+00,-8.529924392700195312e+00,-8.692304611206054688e+00,-8.587295532226562500e+00,-8.279942512512207031e+00,-7.727437496185302734e+00,-6.840223789215087891e+00,-5.566707134246826172e+00,-3.992336750030517578e+00,-2.387433528900146484e+00,-1.112112998962402344e+00,-4.661398530006408691e-01,-6.348072886466979980e-01,-1.650733351707458496e+00,-3.242253303527832031e+00,-4.784972190856933594e+00,-5.646359443664550781e+00,-5.664307594299316406e+00,-5.179161548614501953e+00,-4.598798274993896484e+00,-4.082067966461181641e+00,-3.618003368377685547e+00,-3.160988092422485352e+00,-2.602708101272583008e+00,-1.826156735420227051e+00,-9.174718260765075684e-01,-1.673170477151870728e-01,2.454069405794143677e-01,4.093015491962432861e-01,4.086868464946746826e-01,8.364168554544448853e-02,-7.515372633934020996e-01,-1.965999364852905273e+00,-3.173207998275756836e+00,-4.072390556335449219e+00,-4.591730594635009766e+00,-4.780239105224609375e+00,-4.745584011077880859e+00,-4.684070587158203125e+00
5.524213790893554688e+00,7.716000080108642578e+00,9.237236022949218750e+00,1.018575477600097656e+01,1.075725555419921875e+01,1.070899486541748047e+01,9.466985702514648438e+00,6.832002639770507812e+00,3.347221851348876953e+00,-1.349905580282211304e-01,-3.059158563613891602e+00,-5.272772312164306641e+00,-6.806108951568603516e+00,-7.778137683868408203e+00,-8.391048431396484375e+00,-8.801546096801757812e+00,-9.016372680664062500e+00,-9.002710342407226562e+00,-8.813051223754882812e+00,-8.493782043457031250e+00,-7.959419727325439453e+00,-7.082348346710205078e+00,-5.856307983398437500e+00,-4.393164634704589844e+00,-2.857389211654663086e+00,-1.528992772102355957e+00,-8.411273360252380371e-01,-1.147886037826538086e+00,-2.383888006210327148e+00,-4.022504329681396484e+00,-5.416224479675292969e+00,-6.185841083526611328e+00,-6.339713573455810547e+00,-6.118289470672607422e+00,-5.770859718322753906e+00,-5.440285682678222656e+00,-5.164176940917968750e+00,-4.890847206115722656e+00,-4.485052108764648438e+00,-3.814622402191162109e+00,-2.902218341827392578e+00,-1.937342882156372070e+00,-1.083237409591674805e+00,-3.543824553489685059e-01,2.302668094635009766e-01,4.801607728004455566e-01,1.862950474023818970e-01,-5.925361514091491699e-01,-1.549728989601135254e+00,-2.426721334457397461e+00,-3.154435634613037109e+00,-3.729424953460693359e+00,-4.135879993438720703e+00,-4.433907032012939453e+00
8.765616416931152344e+00,9.688477516174316406e+00,9.612144470214843750e+00,8.950472831726074219e+00,7.893097400665283203e+00,6.303098201751708984e+00,4.044158458709716797e+00,1.320479989051818848e+00,-1.359838128089904785e+00,-3.558158159255981445e+00,-5.184349536895751953e+00,-6.387121200561523438e+00,-7.278586387634277344e+00,-7.880550861358642578e+00,-8.266432762145996094e+00,-8.572751998901367188e+00,-8.835803985595703125e+00,-8.939278602600097656e+00,-8.771707534790039062e+00,-8.352193832397460938e+00,-7.760833263397216797e+00,-7.011075973510742188e+00,-6.040719032287597656e+00,-4.827293395996093750e+00,-3.534306049346923828e+00,-2.550594091415405273e+00,-2.289498805999755859e+00,-2.845572233200073242e+00,-3.875466108322143555e+00,-4.876365661621093750e+00,-5.534132480621337891e+00,-5.780182361602783203e+00,-5.684496402740478516e+00,-5.461781501770019531e+00,-5.459191322326660156e+00,-5.889911651611328125e+00,-6.570919036865234375e+00,-7.083422183990478516e+00,-7.175697803497314453e+00,-6.862185478210449219e+00,-6.190562248229980469e+00,-5.142659187316894531e+00,-3.782419443130493164e+00,-2.293854951858520508e+00,-8.238458633422851562e-01,5.373997688293457031e-01,1.581497669219970703e+00,1.987131595611572266e+00,1.604604601860046387e+00,6.155062913894653320e-01,-6.524340510368347168e-01,-1.952446579933166504e+00,-3.133702278137207031e+00,-4.105626106262207031e+00
6.862878799438476562e+00,6.088916301727294922e+00,4.858766078948974609e+00,3.629923343658447266e+00,2.361051321029663086e+00,8.926990628242492676e-01,-7.237175107002258301e-01,-2.306171655654907227e+00,-3.704366207122802734e+00,-4.815627574920654297e+00,-5.611819744110107422e+00,-6.202795505523681641e+00,-6.741152286529541016e+00,-7.244217872619628906e+00,-7.629902839660644531e+00,-7.900664329528808594e+00,-8.122485160827636719e+00,-8.234743118286132812e+00,-8.082921981811523438e+00,-7.672123908996582031e+00,-7.194667816162109375e+00,-6.746622562408447266e+00,-6.201305866241455078e+00,-5.458036422729492188e+00,-4.664408683776855469e+00,-4.082314968109130859e+00,-3.846051216125488281e+00,-3.943711519241333008e+00,-4.311825275421142578e+00,-4.811022758483886719e+00,-5.190466880798339844e+00,-5.254742622375488281e+00,-5.104385375976562500e+00,-5.117783069610595703e+00,-5.624570369720458984e+00,-6.596099853515625000e+00,-7.669338226318359375e+00,-8.459021568298339844e+00,-8.811608314514160156e+00,-8.755383491516113281e+00,-8.295970916748046875e+00,-7.377433300018310547e+00,-6.020695686340332031e+00,-4.350158691406250000e+00,-2.446961641311645508e+00,-3.374898433685302734e-01,1.770830273628234863e+00,3.387507438659667969e+00,4.049825668334960938e+00,3.700593471527099609e+00,2.651017189025878906e+00,1.232401847839355469e+00,-3.902275264263153076e-01,-2.113777875900268555e+00
2.391425848007202148e+00,1.008233308792114258e+00,-7.876531779766082764e-02,-6.985005140304565430e-01,-1.086305379867553711e+00,-1.599269390106201172e+00,-2.411614418029785156e+00,-3.448519468307495117e+00,-4.515986919403076172e+00,-5.424491882324218750e+00,-6.052485942840576172e+00,-6.401936054229736328e+00,-6.593419551849365234e+00,-6.745579242706298828e+00,-6.873056411743164062e+00,-6.941611289978027344e+00,-6.966985702514648438e+00,-6.985217094421386719e+00,-6.972153663635253906e+00,-6.878862857818603516e+00,-6.717881679534912109e+00,-6.532974243164062500e+00,-6.298107147216796875e+00,-5.915668487548828125e+00,-5.325737953186035156e+00,-4.612783908843994141e+00,-4.039585590362548828e+00,-3.946065425872802734e+00,-4.479412078857421875e+00,-5.370210647583007812e+00,-6.098643779754638672e+00,-6.373456478118896484e+00,-6.366223335266113281e+00,-6.427652835845947266e+00,-6.714797973632812500e+00,-7.183542728424072266e+00,-7.768702507019042969e+00,-8.380789756774902344e+00,-8.821345329284667969e+00,-8.899340629577636719e+00,-8.608653068542480469e+00,-8.056410789489746094e+00,-7.251626014709472656e+00,-6.082819461822509766e+00,-4.465150833129882812e+00,-2.420103788375854492e+00,-9.972793608903884888e-02,2.139287471771240234e+00,3.782240390777587891e+00,4.460818290710449219e+00,4.190904617309570312e+00,3.201117992401123047e+00,1.630451679229736328e+00,-4.152301251888275146e-01
-6.787393093109130859e-01,-1.606314778327941895e+00,-2.135920286178588867e+00,-2.278352260589599609e+00,-2.208821535110473633e+00,-2.271306037902832031e+00,-2.740451812744140625e+00,-3.575742006301879883e+00,-4.513643264770507812e+00,-5.331028938293457031e+00,-5.922098636627197266e+00,-6.243453025817871094e+00,-6.349366664886474609e+00,-6.406255722045898438e+00,-6.522822856903076172e+00,-6.625357151031494141e+00,-6.617912769317626953e+00,-6.567747116088867188e+00,-6.584718227386474609e+00,-6.613809108734130859e+00,-6.520404815673828125e+00,-6.300250530242919922e+00,-6.017467498779296875e+00,-5.613269805908203125e+00,-5.019668579101562500e+00,-4.457962989807128906e+00,-4.376323699951171875e+00,-4.993113040924072266e+00,-6.040140151977539062e+00,-7.020825862884521484e+00,-7.600991249084472656e+00,-7.703872203826904297e+00,-7.396911621093750000e+00,-6.856292724609375000e+00,-6.397716999053955078e+00,-6.365587711334228516e+00,-6.875053405761718750e+00,-7.666050434112548828e+00,-8.279687881469726562e+00,-8.432361602783203125e+00,-8.206583976745605469e+00,-7.846520423889160156e+00,-7.412261009216308594e+00,-6.717951297760009766e+00,-5.588885784149169922e+00,-4.070921897888183594e+00,-2.377767086029052734e+00,-7.510917186737060547e-01,5.861759781837463379e-01,1.454422235488891602e+00,1.781706571578979492e+00,1.598727464675903320e+00,9.481925368309020996e-01,-1.219967454671859741e-01
-1.515998482704162598e+00,-2.020176172256469727e+00,-2.434286355972290039e+00,-2.785075664520263672e+00,-3.051242589950561523e+00,-3.240028619766235352e+00,-3.476740360260009766e+00,-3.893362045288085938e+00,-4.457728862762451172e+00,-5.006509304046630859e+00,-5.430123805999755859e+00,-5.755588531494140625e+00,-6.068500041961669922e+00,-6.413568973541259766e+00,-6.752952575683593750e+00,-6.978965282440185547e+00,-6.993189334869384766e+00,-6.804092407226562500e+00,-6.512557029724121094e+00,-6.182191848754882812e+00,-5.776822090148925781e+00,-5.254819393157958984e+00,-4.682121276855468750e+00,-4.238973140716552734e+00,-4.153763294219970703e+00,-4.594797134399414062e+00,-5.519650459289550781e+00,-6.624098777770996094e+00,-7.539021492004394531e+00,-8.084832191467285156e+00,-8.246979713439941406e+00,-7.970367908477783203e+00,-7.206593990325927734e+00,-6.215504169464111328e+00,-5.584030151367187500e+00,-5.754961490631103516e+00,-6.601550579071044922e+00,-7.561807155609130859e+00,-8.125163078308105469e+00,-8.142126083374023438e+00,-7.786010742187500000e+00,-7.325313568115234375e+00,-6.877171993255615234e+00,-6.325270175933837891e+00,-5.536841869354248047e+00,-4.650398254394531250e+00,-3.994208335876464844e+00,-3.673408269882202148e+00,-3.407976865768432617e+00,-2.872863054275512695e+00,-2.050139665603637695e+00,-1.154147863388061523e+00,-3.891718685626983643e-01,7.220645993947982788e-02
-1.623303055763244629e+00,-1.811315774917602539e+00,-2.094093322753906250e+00,-2.529355049133300781e+00,-3.053805112838745117e+00,-3.506102323532104492e+00,-3.866966485977172852e+00,-4.278250217437744141e+00,-4.772007942199707031e+00,-5.181030750274658203e+00,-5.402063369750976562e+00,-5.563316345214843750e+00,-5.822574138641357422e+00,-6.151412010192871094e+00,-6.423054218292236328e+00,-6.573975563049316406e+00,-6.578034877777099609e+00,-6.395674705505371094e+00,-6.052213668823242188e+00,-5.646247386932373047e+00,-5.202451229095458984e+00,-4.671289920806884766e+00,-4.174607753753662109e+00,-4.065865993499755859e+00,-4.565639019012451172e+00,-5.456597328186035156e+00,-6.320568084716796875e+00,-6.986670970916748047e+00,-7.552925109863281250e+00,-8.024828910827636719e+00,-8.163766860961914062e+00,-7.761019706726074219e+00,-6.946834087371826172e+00,-6.166343688964843750e+00,-5.879456996917724609e+00,-6.254155635833740234e+00,-7.059371948242187500e+00,-7.831182003021240234e+00,-8.201917648315429688e+00,-8.120705604553222656e+00,-7.783605575561523438e+00,-7.387228965759277344e+00,-6.970177173614501953e+00,-6.469038486480712891e+00,-5.892901897430419922e+00,-5.410491943359375000e+00,-5.214134693145751953e+00,-5.268875122070312500e+00,-5.252450942993164062e+00,-4.820226669311523438e+00,-3.921907663345336914e+00,-2.824162960052490234e+00,-1.874594926834106445e+00,-1.295582056045532227e+00
-2.182088613510131836e+00,-1.946219325065612793e+00,-1.801255106925964355e+00,-1.844424605369567871e+00,-2.201217174530029297e+00,-2.882885456085205078e+00,-3.724035978317260742e+00,-4.518214702606201172e+00,-5.152956008911132812e+00,-5.585924148559570312e+00,-5.795681476593017578e+00,-5.829191207885742188e+00,-5.819212913513183594e+00,-5.870307922363281250e+00,-5.962421417236328125e+00,-6.012480258941650391e+00,-5.986023902893066406e+00,-5.903490543365478516e+00,-5.774347305297851562e+00,-5.573348522186279297e+00,-5.282793045043945312e+00,-4.954974651336669922e+00,-4.726050853729248047e+00,-4.717802524566650391e+00,-4.902414798736572266e+00,-5.145552635192871094e+00,-5.438832759857177734e+00,-5.969582080841064453e+00,-6.819092273712158203e+00,-7.676039218902587891e+00,-8.048125267028808594e+00,-7.770194530487060547e+00,-7.167125701904296875e+00,-6.719797611236572266e+00,-6.701917648315429688e+00,-7.112488746643066406e+00,-7.763214588165283203e+00,-8.371698379516601562e+00,-8.714267730712890625e+00,-8.771327972412109375e+00,-8.663820266723632812e+00,-8.452713012695312500e+00,-8.099137306213378906e+00,-7.596403121948242188e+00,-7.001019001007080078e+00,-6.337592124938964844e+00,-5.619898319244384766e+00,-4.966770648956298828e+00,-4.535826206207275391e+00,-4.326249599456787109e+00,-4.212111473083496094e+00,-4.186693191528320312e+00,-4.370762348175048828e+00,-4.710902690887451172e+00
-3.141734600067138672e+00,-2.827586412429809570e+00,-2.512758493423461914e+00,-2.298747062683105469e+00,-2.413053274154663086e+00,-2.974917173385620117e+00,-3.777140617370605469e+00,-4.488721370697021484e+00,-5.006547451019287109e+00,-5.429942131042480469e+00,-5.776435852050781250e+00,-5.960461139678955078e+00,-6.022883892059326172e+00,-6.136558055877685547e+00,-6.352533340454101562e+00,-6.538560867309570312e+00,-6.600183010101318359e+00,-6.576928615570068359e+00,-6.485994815826416016e+00,-6.256596565246582031e+00,-5.869717597961425781e+00,-5.393340110778808594e+00,-4.834684371948242188e+00,-4.145947933197021484e+00,-3.461361169815063477e+00,-3.158598899841308594e+00,-3.550232410430908203e+00,-4.581495761871337891e+00,-5.877553462982177734e+00,-6.990738868713378906e+00,-7.593996047973632812e+00,-7.626219749450683594e+00,-7.378404140472412109e+00,-7.325590133666992188e+00,-7.731747150421142578e+00,-8.440818786621093750e+00,-9.099398612976074219e+00,-9.503333091735839844e+00,-9.662580490112304688e+00,-9.630309104919433594e+00,-9.406373977661132812e+00,-8.993298530578613281e+00,-8.434122085571289062e+00,-7.752271175384521484e+00,-6.909764766693115234e+00,-5.891520023345947266e+00,-4.845006942749023438e+00,-4.086837291717529297e+00,-3.899473190307617188e+00,-4.304118633270263672e+00,-5.070288658142089844e+00,-5.932968616485595703e+00,-6.718325138092041016e+00,-7.263325214385986328e+00
-3.884273290634155273e+00,-3.813589096069335938e+00,-3.641504526138305664e+00,-3.448866844177246094e+00,-3.324433326721191406e+00,-3.370128870010375977e+00,-3.642772912979125977e+00,-4.076320648193359375e+00,-4.538999557495117188e+00,-4.969761371612548828e+00,-5.384665966033935547e+00,-5.767597675323486328e+00,-6.060051918029785156e+00,-6.265464782714843750e+00,-6.461366176605224609e+00,-6.680266857147216797e+00,-6.856025218963623047e+00,-6.912147045135498047e+00,-6.834265232086181641e+00,-6.621573925018310547e+00,-6.208943843841552734e+00,-5.477785110473632812e+00,-4.374525547027587891e+00,-3.070606231689453125e+00,-2.005788564682006836e+00,-1.664803624153137207e+00,-2.212379455566406250e+00,-3.362564086914062500e+00,-4.629438877105712891e+00,-5.654636859893798828e+00,-6.312748908996582031e+00,-6.679597854614257812e+00,-7.008407115936279297e+00,-7.593420028686523438e+00,-8.482606887817382812e+00,-9.376545906066894531e+00,-9.927468299865722656e+00,-1.007049560546875000e+01,-9.958025932312011719e+00,-9.682163238525390625e+00,-9.227746009826660156e+00,-8.618421554565429688e+00,-7.919845104217529297e+00,-7.133337020874023438e+00,-6.261629581451416016e+00,-5.467138767242431641e+00,-5.003947734832763672e+00,-4.980585098266601562e+00,-5.301525115966796875e+00,-5.811759948730468750e+00,-6.367312908172607422e+00,-6.806441783905029297e+00,-7.026246070861816406e+00,-7.090393066406250000e+00
-4.649550437927246094e+00,-4.692160129547119141e+00,-4.560050010681152344e+00,-4.309424400329589844e+00,-3.964808225631713867e+00,-3.685744524002075195e+00,-3.728638172149658203e+00,-4.147332668304443359e+00,-4.703759193420410156e+00,-5.179825305938720703e+00,-5.604356288909912109e+00,-6.045907020568847656e+00,-6.375038146972656250e+00,-6.435426235198974609e+00,-6.317912578582763672e+00,-6.246088504791259766e+00,-6.268619537353515625e+00,-6.259284496307373047e+00,-6.144574165344238281e+00,-5.914380550384521484e+00,-5.445912837982177734e+00,-4.547695159912109375e+00,-3.233176708221435547e+00,-1.831030607223510742e+00,-8.093012571334838867e-01,-5.492833852767944336e-01,-1.182432770729064941e+00,-2.462617158889770508e+00,-3.836878538131713867e+00,-4.843634128570556641e+00,-5.484217643737792969e+00,-6.096525192260742188e+00,-6.893668651580810547e+00,-7.775087356567382812e+00,-8.558175086975097656e+00,-9.184765815734863281e+00,-9.643498420715332031e+00,-9.865171432495117188e+00,-9.806995391845703125e+00,-9.542933464050292969e+00,-9.172928810119628906e+00,-8.699167251586914062e+00,-8.074078559875488281e+00,-7.346016883850097656e+00,-6.690216064453125000e+00,-6.277830123901367188e+00,-6.127227306365966797e+00,-6.089827537536621094e+00,-5.981818199157714844e+00,-5.724285602569580078e+00,-5.360746860504150391e+00,-4.991910457611083984e+00,-4.747166633605957031e+00,-4.759403705596923828e+00
-5.608213424682617188e+00,-5.592603206634521484e+00,-5.459698677062988281e+00,-5.270424842834472656e+00,-5.082805156707763672e+00,-4.936987876892089844e+00,-4.861011028289794922e+00,-4.888989448547363281e+00,-5.036036968231201172e+00,-5.274628639221191406e+00,-5.570037841796875000e+00,-5.898928642272949219e+00,-6.195951938629150391e+00,-6.348364830017089844e+00,-6.311522960662841797e+00,-6.177227973937988281e+00,-6.057121276855468750e+00,-5.941047191619873047e+00,-5.725804805755615234e+00,-5.318524360656738281e+00,-4.637723922729492188e+00,-3.593235254287719727e+00,-2.213803529739379883e+00,-8.200079798698425293e-01,2.858703024685382843e-02,-1.336126625537872314e-01,-1.315244436264038086e+00,-2.992947578430175781e+00,-4.450973987579345703e+00,-5.304007053375244141e+00,-5.712397098541259766e+00,-6.057140827178955078e+00,-6.486772537231445312e+00,-6.906663894653320312e+00,-7.312875747680664062e+00,-7.864308834075927734e+00,-8.573490142822265625e+00,-9.172693252563476562e+00,-9.421428680419921875e+00,-9.371150970458984375e+00,-9.193981170654296875e+00,-8.918407440185546875e+00,-8.497771263122558594e+00,-7.997861862182617188e+00,-7.518439292907714844e+00,-7.003991127014160156e+00,-6.306394577026367188e+00,-5.396834373474121094e+00,-4.387038230895996094e+00,-3.396164178848266602e+00,-2.531132221221923828e+00,-1.953645825386047363e+00,-1.818750023841857910e+00,-2.122745275497436523e+00
-5.514135360717773438e+00,-5.461260795593261719e+00,-5.582170963287353516e+00,-5.906765460968017578e+00,-6.288657188415527344e+00,-6.425853729248046875e+00,-6.138455390930175781e+00,-5.614897727966308594e+00,-5.231609821319580078e+00,-5.139152050018310547e+00,-5.193616867065429688e+00,-5.278944492340087891e+00,-5.460803031921386719e+00,-5.756883621215820312e+00,-5.981375694274902344e+00,-5.954353332519531250e+00,-5.713773727416992188e+00,-5.394907951354980469e+00,-5.017717838287353516e+00,-4.493514537811279297e+00,-3.734112977981567383e+00,-2.696422815322875977e+00,-1.484156489372253418e+00,-4.990162551403045654e-01,-2.950418889522552490e-01,-1.088850855827331543e+00,-2.494877099990844727e+00,-3.868750572204589844e+00,-4.818807125091552734e+00,-5.295437812805175781e+00,-5.376328468322753906e+00,-5.207858562469482422e+00,-5.084486961364746094e+00,-5.331598281860351562e+00,-6.040433406829833984e+00,-7.011894226074218750e+00,-7.954522609710693359e+00,-8.652968406677246094e+00,-8.995013236999511719e+00,-8.985045433044433594e+00,-8.760314941406250000e+00,-8.497003555297851562e+00,-8.251891136169433594e+00,-7.919230461120605469e+00,-7.334015846252441406e+00,-6.393437385559082031e+00,-5.120559215545654297e+00,-3.671386957168579102e+00,-2.270087003707885742e+00,-1.099033832550048828e+00,-2.579591572284698486e-01,1.727635562419891357e-01,1.045775189995765686e-01,-4.476402997970581055e-01
-5.585458755493164062e+00,-5.640501499176025391e+00,-6.029659748077392578e+00,-6.670748710632324219e+00,-7.208201408386230469e+00,-7.324526786804199219e+00,-7.011089801788330078e+00,-6.523755550384521484e+00,-6.126516819000244141e+00,-5.888345718383789062e+00,-5.704182147979736328e+00,-5.496276378631591797e+00,-5.343729972839355469e+00,-5.345830440521240234e+00,-5.398359775543212891e+00,-5.243049144744873047e+00,-4.770725250244140625e+00,-4.148649692535400391e+00,-3.580409526824951172e+00,-3.052807092666625977e+00,-2.427880525588989258e+00,-1.721687912940979004e+00,-1.173665761947631836e+00,-1.030768275260925293e+00,-1.321134209632873535e+00,-1.857002735137939453e+00,-2.431621789932250977e+00,-2.973489761352539062e+00,-3.481578350067138672e+00,-3.868197202682495117e+00,-4.015112876892089844e+00,-4.038952350616455078e+00,-4.333551883697509766e+00,-5.176010131835937500e+00,-6.368614196777343750e+00,-7.437481880187988281e+00,-8.118824005126953125e+00,-8.466411590576171875e+00,-8.559353828430175781e+00,-8.380378723144531250e+00,-8.006346702575683594e+00,-7.642752647399902344e+00,-7.341557502746582031e+00,-6.867822170257568359e+00,-5.975650787353515625e+00,-4.694126129150390625e+00,-3.252652406692504883e+00,-1.856260895729064941e+00,-6.377460956573486328e-01,2.758356928825378418e-01,7.596896290779113770e-01,7.145909070968627930e-01,8.854939788579940796e-02,-1.005587100982666016e+00
-6.887110710144042969e+00,-6.982035636901855469e+00,-7.205657482147216797e+00,-7.462870597839355469e+00,-7.603848934173583984e+00,-7.621156215667724609e+00,-7.613599777221679688e+00,-7.603056430816650391e+00,-7.511783123016357422e+00,-7.291738986968994141e+00,-6.960202217102050781e+00,-6.537284374237060547e+00,-6.061380863189697266e+00,-5.625212669372558594e+00,-5.268781185150146484e+00,-4.875247478485107422e+00,-4.308258533477783203e+00,-3.615479469299316406e+00,-2.961344242095947266e+00,-2.416640758514404297e+00,-1.978741049766540527e+00,-1.728611111640930176e+00,-1.739570498466491699e+00,-1.856900930404663086e+00,-1.828446865081787109e+00,-1.692434787750244141e+00,-1.783674716949462891e+00,-2.266858816146850586e+00,-2.895442247390747070e+00,-3.367505788803100586e+00,-3.727688074111938477e+00,-4.246168613433837891e+00,-5.028395652770996094e+00,-5.911931991577148438e+00,-6.672640323638916016e+00,-7.186099052429199219e+00,-7.423077106475830078e+00,-7.407562732696533203e+00,-7.191086292266845703e+00,-6.824439525604248047e+00,-6.358819961547851562e+00,-5.855760574340820312e+00,-5.318571567535400391e+00,-4.617835044860839844e+00,-3.605534553527832031e+00,-2.352049350738525391e+00,-1.169260382652282715e+00,-3.383585214614868164e-01,9.348948299884796143e-02,1.799448281526565552e-01,-1.499447673559188843e-01,-1.036131620407104492e+00,-2.409823417663574219e+00,-3.887644529342651367e+00
-7.886371612548828125e+00,-7.785202503204345703e+00,-7.607184886932373047e+00,-7.390682220458984375e+00,-7.285499095916748047e+00,-7.396299839019775391e+00,-7.679802417755126953e+00,-7.977925777435302734e+00,-8.114737510681152344e+00,-8.002337455749511719e+00,-7.686904430389404297e+00,-7.265779018402099609e+00,-6.770221710205078125e+00,-6.187902927398681641e+00,-5.572953701019287109e+00,-5.022356033325195312e+00,-4.528770923614501953e+00,-3.968498706817626953e+00,-3.283165216445922852e+00,-2.584916114807128906e+00,-2.019117355346679688e+00,-1.587597966194152832e+00,-1.190829277038574219e+00,-8.388509154319763184e-01,-7.542327642440795898e-01,-1.197940111160278320e+00,-2.157378435134887695e+00,-3.249011278152465820e+00,-4.021801471710205078e+00,-4.365429878234863281e+00,-4.528861999511718750e+00,-4.740869522094726562e+00,-4.973838329315185547e+00,-5.140979766845703125e+00,-5.325764656066894531e+00,-5.635382175445556641e+00,-5.943702697753906250e+00,-5.981622219085693359e+00,-5.639175891876220703e+00,-5.018516063690185547e+00,-4.230568885803222656e+00,-3.298762798309326172e+00,-2.241374015808105469e+00,-1.113291025161743164e+00,2.420383272692561150e-03,9.206266999244689941e-01,1.336936235427856445e+00,1.053815245628356934e+00,1.968467384576797485e-01,-9.411760568618774414e-01,-2.219890594482421875e+00,-3.637236595153808594e+00,-5.048592090606689453e+00,-6.146096706390380859e+00
-8.022751808166503906e+00,-7.780325889587402344e+00,-7.485210895538330078e+00,-7.209417819976806641e+00,-7.094334125518798828e+00,-7.186291694641113281e+00,-7.386172294616699219e+00,-7.547519207000732422e+00,-7.569329738616943359e+00,-7.430212020874023438e+00,-7.187423229217529297e+00,-6.905213832855224609e+00,-6.555514335632324219e+00,-6.063568592071533203e+00,-5.479040622711181641e+00,-4.979721069335937500e+00,-4.634175777435302734e+00,-4.280135631561279297e+00,-3.721368312835693359e+00,-2.919015884399414062e+00,-1.914138913154602051e+00,-7.649698257446289062e-01,2.600874006748199463e-01,6.183977127075195312e-01,-7.475379854440689087e-02,-1.572595953941345215e+00,-3.165850162506103516e+00,-4.300684928894042969e+00,-4.853146076202392578e+00,-4.881165504455566406e+00,-4.422012329101562500e+00,-3.625211238861083984e+00,-2.858346223831176758e+00,-2.506566047668457031e+00,-2.702736139297485352e+00,-3.273074865341186523e+00,-3.861200571060180664e+00,-4.107498645782470703e+00,-3.837005138397216797e+00,-3.128437042236328125e+00,-2.150238513946533203e+00,-9.592208862304687500e-01,4.315701127052307129e-01,1.811223030090332031e+00,2.755142211914062500e+00,2.909440517425537109e+00,2.217404365539550781e+00,8.662981986999511719e-01,-8.667036294937133789e-01,-2.677634477615356445e+00,-4.273727893829345703e+00,-5.469334602355957031e+00,-6.244452476501464844e+00,-6.681303977966308594e+00
-7.479654312133789062e+00,-7.120927333831787109e+00,-6.843657493591308594e+00,-6.714306354522705078e+00,-6.760443210601806641e+00,-6.961004257202148438e+00,-7.183369159698486328e+00,-7.266129493713378906e+00,-7.198569297790527344e+00,-7.109416961669921875e+00,-7.059055805206298828e+00,-6.953376293182373047e+00,-6.688332557678222656e+00,-6.278754234313964844e+00,-5.814947605133056641e+00,-5.376828670501708984e+00,-5.006958961486816406e+00,-4.668694972991943359e+00,-4.191841125488281250e+00,-3.360302686691284180e+00,-2.157686948776245117e+00,-9.212962388992309570e-01,-1.793239414691925049e-01,-2.658200860023498535e-01,-1.061167120933532715e+00,-2.118603944778442383e+00,-3.050672531127929688e+00,-3.742387294769287109e+00,-4.165145397186279297e+00,-4.128489971160888672e+00,-3.430997848510742188e+00,-2.260333299636840820e+00,-1.221748709678649902e+00,-8.372719287872314453e-01,-1.105526566505432129e+00,-1.614632964134216309e+00,-1.962513446807861328e+00,-1.983646988868713379e+00,-1.698897361755371094e+00,-1.191640377044677734e+00,-5.055271983146667480e-01,3.808154165744781494e-01,1.402412414550781250e+00,2.222465276718139648e+00,2.369846820831298828e+00,1.664689898490905762e+00,3.841031789779663086e-01,-1.075008273124694824e+00,-2.537984848022460938e+00,-3.950619935989379883e+00,-5.139647483825683594e+00,-5.903275489807128906e+00,-6.252422332763671875e+00,-6.365389347076416016e+00
-6.867621898651123047e+00,-6.337285518646240234e+00,-6.017262935638427734e+00,-6.120564937591552734e+00,-6.575517177581787109e+00,-7.123566627502441406e+00,-7.519721508026123047e+00,-7.687789440155029297e+00,-7.735388755798339844e+00,-7.793344020843505859e+00,-7.835826396942138672e+00,-7.715125083923339844e+00,-7.360184192657470703e+00,-6.842062473297119141e+00,-6.244776248931884766e+00,-5.594395160675048828e+00,-4.929663658142089844e+00,-4.303891658782958984e+00,-3.689122438430786133e+00,-3.029966354370117188e+00,-2.427532434463500977e+00,-2.085061550140380859e+00,-1.993505835533142090e+00,-1.865936517715454102e+00,-1.520274162292480469e+00,-1.166479229927062988e+00,-1.144074678421020508e+00,-1.476618170738220215e+00,-1.838476300239562988e+00,-1.893648743629455566e+00,-1.560446619987487793e+00,-1.041334867477416992e+00,-7.112135291099548340e-01,-8.650693893432617188e-01,-1.417647242546081543e+00,-1.917380452156066895e+00,-1.988845467567443848e+00,-1.694023847579956055e+00,-1.338705897331237793e+00,-1.030818939208984375e+00,-6.247711181640625000e-01,-6.352620571851730347e-02,4.256201386451721191e-01,5.252709388732910156e-01,1.095903739333152771e-01,-6.909787058830261230e-01,-1.621051549911499023e+00,-2.480635643005371094e+00,-3.239594697952270508e+00,-3.984856367111206055e+00,-4.728816032409667969e+00,-5.317938804626464844e+00,-5.599837303161621094e+00,-5.639765262603759766e+00
